1,1,219,#74AEC6,#74AEC6
2,1,219,#74AEC6,#74AEC6
3,1,219,#74AEC6,#74AEC6
4,1,219,#74AEC6,#74AEC6
5,1,219,#74AEC6,#74AEC6
6,1,219,#74AEC6,#74AEC6
7,1,219,#74AEC6,#74AEC6
8,1,219,#74AEC6,#74AEC6
9,1,219,#74AEC6,#74AEC6
10,1,219,#74AEC6,#74AEC6
11,1,219,#74AEC6,#74AEC6
12,1,219,#74AEC6,#74AEC6
13,1,219,#74AEC6,#74AEC6
14,1,219,#74AEC6,#74AEC6
15,1,219,#74AEC6,#74AEC6
16,1,219,#74AEC6,#74AEC6
17,1,219,#74AEC6,#74AEC6
18,1,219,#74AEC6,#74AEC6
19,1,219,#74AEC6,#74AEC6
20,1,219,#74AEC6,#74AEC6
21,1,219,#74AEC6,#74AEC6
22,1,219,#74AEC6,#74AEC6
23,1,219,#74AEC6,#74AEC6
24,1,219,#74AEC6,#74AEC6
25,1,219,#74AEC6,#74AEC6
26,1,219,#74AEC6,#74AEC6
27,1,219,#74AEC6,#74AEC6
28,1,219,#74AEC6,#74AEC6
29,1,219,#74AEC6,#74AEC6
30,1,219,#74AEC6,#74AEC6
31,1,219,#74AEC6,#74AEC6
32,1,219,#74AEC6,#74AEC6
33,1,219,#74AEC6,#74AEC6
34,1,219,#74AEC6,#74AEC6
35,1,219,#74AEC6,#74AEC6
36,1,219,#74AEC6,#74AEC6
37,1,219,#74AEC6,#74AEC6
38,1,219,#74AEC6,#74AEC6
39,1,219,#74AEC6,#74AEC6
40,1,219,#74AEC6,#74AEC6
41,1,219,#74AEC6,#74AEC6
42,1,219,#74AEC6,#74AEC6
43,1,219,#74AEC6,#74AEC6
44,1,219,#74AEC6,#74AEC6
45,1,219,#74AEC6,#74AEC6
46,1,219,#74AEC6,#74AEC6
47,1,219,#74AEC6,#74AEC6
48,1,219,#74AEC6,#74AEC6
49,1,219,#74AEC6,#74AEC6
50,1,219,#74AEC6,#74AEC6
51,1,219,#74AEC6,#74AEC6
52,1,219,#74AEC6,#74AEC6
53,1,219,#74AEC6,#74AEC6
54,1,219,#74AEC6,#74AEC6
55,1,219,#74AEC6,#74AEC6
56,1,219,#74AEC6,#74AEC6
57,1,219,#74AEC6,#74AEC6
58,1,219,#74AEC6,#74AEC6
59,1,219,#74AEC6,#74AEC6
60,1,219,#74AEC6,#74AEC6
61,1,219,#74AEC6,#74AEC6
62,1,219,#74AEC6,#74AEC6
63,1,219,#74AEC6,#74AEC6
64,1,219,#74AEC6,#333333
65,1,219,#74AEC6,#333333
66,1,219,#74AEC6,#333333
67,1,219,#74AEC6,#333333
68,1,219,#74AEC6,#333333
69,1,219,#74AEC6,#333333
70,1,219,#74AEC6,#333333
71,1,219,#74AEC6,#333333
72,1,219,#74AEC6,#333333
73,1,219,#74AEC6,#333333
74,1,219,#74AEC6,#333333
75,1,219,#74AEC6,#333333
76,1,219,#74AEC6,#333333
77,1,219,#74AEC6,#333333
78,1,219,#74AEC6,#333333
1,2,219,#74AEC6,#74AEC6
2,2,219,#74AEC6,#74AEC6
3,2,219,#74AEC6,#74AEC6
4,2,219,#74AEC6,#74AEC6
5,2,219,#74AEC6,#74AEC6
6,2,219,#74AEC6,#74AEC6
7,2,219,#74AEC6,#74AEC6
8,2,219,#74AEC6,#74AEC6
9,2,219,#74AEC6,#74AEC6
10,2,219,#74AEC6,#74AEC6
11,2,219,#74AEC6,#74AEC6
12,2,219,#74AEC6,#74AEC6
13,2,219,#74AEC6,#74AEC6
14,2,219,#74AEC6,#74AEC6
15,2,219,#74AEC6,#74AEC6
16,2,219,#74AEC6,#74AEC6
17,2,219,#74AEC6,#74AEC6
18,2,219,#74AEC6,#74AEC6
19,2,219,#74AEC6,#74AEC6
20,2,219,#74AEC6,#74AEC6
21,2,219,#74AEC6,#74AEC6
22,2,219,#74AEC6,#74AEC6
23,2,219,#74AEC6,#74AEC6
24,2,219,#74AEC6,#74AEC6
25,2,219,#74AEC6,#74AEC6
26,2,219,#74AEC6,#74AEC6
27,2,219,#74AEC6,#74AEC6
28,2,219,#74AEC6,#74AEC6
29,2,219,#74AEC6,#74AEC6
30,2,219,#74AEC6,#74AEC6
31,2,219,#74AEC6,#74AEC6
32,2,219,#74AEC6,#74AEC6
33,2,219,#74AEC6,#74AEC6
34,2,219,#74AEC6,#74AEC6
35,2,219,#74AEC6,#74AEC6
36,2,219,#74AEC6,#74AEC6
37,2,219,#74AEC6,#74AEC6
38,2,219,#74AEC6,#74AEC6
39,2,219,#74AEC6,#74AEC6
40,2,219,#74AEC6,#74AEC6
41,2,219,#74AEC6,#74AEC6
42,2,219,#74AEC6,#74AEC6
43,2,219,#74AEC6,#74AEC6
44,2,219,#74AEC6,#74AEC6
45,2,219,#74AEC6,#74AEC6
46,2,219,#74AEC6,#74AEC6
47,2,219,#74AEC6,#74AEC6
48,2,219,#74AEC6,#74AEC6
49,2,219,#74AEC6,#74AEC6
50,2,219,#74AEC6,#74AEC6
51,2,219,#74AEC6,#74AEC6
52,2,219,#74AEC6,#74AEC6
53,2,219,#74AEC6,#74AEC6
54,2,219,#74AEC6,#74AEC6
55,2,219,#74AEC6,#74AEC6
56,2,219,#74AEC6,#74AEC6
57,2,219,#74AEC6,#74AEC6
58,2,219,#74AEC6,#74AEC6
59,2,219,#74AEC6,#74AEC6
60,2,219,#74AEC6,#74AEC6
61,2,219,#74AEC6,#74AEC6
62,2,219,#74AEC6,#74AEC6
63,2,219,#74AEC6,#74AEC6
64,2,219,#74AEC6,#333333
65,2,219,#74AEC6,#333333
66,2,219,#74AEC6,#333333
67,2,219,#74AEC6,#333333
68,2,219,#74AEC6,#333333
69,2,219,#74AEC6,#333333
70,2,219,#74AEC6,#333333
71,2,219,#74AEC6,#333333
72,2,219,#74AEC6,#333333
73,2,219,#74AEC6,#333333
74,2,219,#74AEC6,#333333
75,2,219,#74AEC6,#333333
76,2,219,#74AEC6,#333333
77,2,219,#74AEC6,#333333
78,2,219,#74AEC6,#333333
1,3,219,#74AEC6,#74AEC6
2,3,219,#74AEC6,#74AEC6
3,3,219,#74AEC6,#74AEC6
4,3,219,#74AEC6,#74AEC6
5,3,219,#74AEC6,#74AEC6
6,3,219,#74AEC6,#74AEC6
7,3,219,#74AEC6,#74AEC6
8,3,219,#74AEC6,#74AEC6
9,3,219,#74AEC6,#74AEC6
10,3,219,#74AEC6,#74AEC6
11,3,219,#74AEC6,#74AEC6
12,3,219,#74AEC6,#74AEC6
13,3,219,#74AEC6,#74AEC6
14,3,219,#74AEC6,#74AEC6
15,3,219,#74AEC6,#74AEC6
16,3,219,#74AEC6,#74AEC6
17,3,219,#74AEC6,#74AEC6
18,3,219,#74AEC6,#74AEC6
19,3,219,#74AEC6,#74AEC6
20,3,219,#74AEC6,#74AEC6
21,3,219,#74AEC6,#74AEC6
22,3,219,#74AEC6,#74AEC6
23,3,219,#74AEC6,#74AEC6
24,3,219,#74AEC6,#74AEC6
25,3,219,#74AEC6,#74AEC6
26,3,219,#74AEC6,#74AEC6
27,3,219,#74AEC6,#74AEC6
28,3,219,#74AEC6,#74AEC6
29,3,219,#74AEC6,#74AEC6
30,3,219,#74AEC6,#74AEC6
31,3,219,#74AEC6,#74AEC6
32,3,219,#74AEC6,#74AEC6
33,3,219,#74AEC6,#74AEC6
34,3,219,#74AEC6,#74AEC6
35,3,219,#74AEC6,#74AEC6
36,3,219,#74AEC6,#74AEC6
37,3,219,#74AEC6,#74AEC6
38,3,219,#74AEC6,#74AEC6
39,3,124,#CCB690,#E3D88F
40,3,95,#CCB690,#E3D88F
41,3,219,#74AEC6,#74AEC6
42,3,219,#74AEC6,#74AEC6
43,3,219,#74AEC6,#74AEC6
44,3,219,#74AEC6,#74AEC6
45,3,219,#74AEC6,#74AEC6
46,3,219,#74AEC6,#74AEC6
47,3,219,#74AEC6,#74AEC6
48,3,219,#74AEC6,#74AEC6
49,3,219,#74AEC6,#74AEC6
50,3,219,#74AEC6,#74AEC6
51,3,219,#74AEC6,#74AEC6
52,3,219,#74AEC6,#74AEC6
53,3,219,#74AEC6,#74AEC6
54,3,219,#74AEC6,#74AEC6
55,3,219,#74AEC6,#74AEC6
56,3,219,#74AEC6,#74AEC6
57,3,219,#74AEC6,#74AEC6
58,3,219,#74AEC6,#74AEC6
59,3,219,#74AEC6,#74AEC6
60,3,219,#74AEC6,#74AEC6
61,3,219,#74AEC6,#74AEC6
62,3,219,#74AEC6,#74AEC6
63,3,219,#74AEC6,#74AEC6
64,3,219,#74AEC6,#333333
65,3,219,#74AEC6,#333333
66,3,219,#74AEC6,#333333
67,3,219,#74AEC6,#333333
68,3,219,#74AEC6,#333333
69,3,219,#74AEC6,#333333
70,3,219,#74AEC6,#333333
71,3,219,#74AEC6,#333333
72,3,219,#74AEC6,#333333
73,3,219,#74AEC6,#333333
74,3,219,#74AEC6,#333333
75,3,219,#74AEC6,#333333
76,3,219,#74AEC6,#333333
77,3,219,#74AEC6,#333333
78,3,219,#74AEC6,#333333
1,4,219,#74AEC6,#74AEC6
2,4,219,#74AEC6,#74AEC6
3,4,219,#74AEC6,#74AEC6
4,4,219,#74AEC6,#74AEC6
5,4,219,#74AEC6,#74AEC6
6,4,219,#74AEC6,#74AEC6
7,4,219,#74AEC6,#74AEC6
8,4,219,#74AEC6,#74AEC6
9,4,219,#74AEC6,#74AEC6
10,4,219,#74AEC6,#74AEC6
11,4,219,#74AEC6,#74AEC6
12,4,219,#74AEC6,#74AEC6
13,4,219,#74AEC6,#74AEC6
14,4,219,#74AEC6,#74AEC6
15,4,219,#74AEC6,#74AEC6
16,4,219,#74AEC6,#74AEC6
17,4,219,#74AEC6,#74AEC6
18,4,219,#74AEC6,#74AEC6
19,4,219,#74AEC6,#74AEC6
20,4,219,#74AEC6,#74AEC6
21,4,219,#74AEC6,#74AEC6
22,4,219,#74AEC6,#74AEC6
23,4,219,#74AEC6,#74AEC6
24,4,219,#74AEC6,#74AEC6
25,4,219,#74AEC6,#74AEC6
26,4,219,#74AEC6,#74AEC6
27,4,219,#74AEC6,#74AEC6
28,4,219,#74AEC6,#74AEC6
29,4,219,#74AEC6,#74AEC6
30,4,219,#74AEC6,#74AEC6
31,4,219,#74AEC6,#74AEC6
32,4,219,#74AEC6,#74AEC6
33,4,219,#74AEC6,#74AEC6
34,4,219,#74AEC6,#74AEC6
35,4,219,#74AEC6,#74AEC6
36,4,219,#74AEC6,#74AEC6
37,4,219,#74AEC6,#74AEC6
38,4,219,#74AEC6,#74AEC6
39,4,95,#CCB690,#E3D88F
40,4,124,#CCB690,#E3D88F
41,4,219,#74AEC6,#74AEC6
42,4,219,#74AEC6,#74AEC6
43,4,219,#74AEC6,#74AEC6
44,4,219,#74AEC6,#74AEC6
45,4,219,#74AEC6,#74AEC6
46,4,219,#74AEC6,#74AEC6
47,4,219,#74AEC6,#74AEC6
48,4,219,#74AEC6,#74AEC6
49,4,219,#74AEC6,#74AEC6
50,4,219,#74AEC6,#74AEC6
51,4,219,#74AEC6,#74AEC6
52,4,219,#74AEC6,#74AEC6
53,4,219,#74AEC6,#74AEC6
54,4,219,#74AEC6,#74AEC6
55,4,219,#74AEC6,#74AEC6
56,4,219,#74AEC6,#74AEC6
57,4,219,#74AEC6,#74AEC6
58,4,219,#74AEC6,#74AEC6
59,4,219,#74AEC6,#74AEC6
60,4,219,#74AEC6,#74AEC6
61,4,219,#74AEC6,#74AEC6
62,4,219,#74AEC6,#74AEC6
63,4,219,#74AEC6,#74AEC6
64,4,219,#74AEC6,#333333
65,4,219,#74AEC6,#333333
66,4,219,#74AEC6,#333333
67,4,219,#74AEC6,#333333
68,4,219,#74AEC6,#333333
69,4,219,#74AEC6,#333333
70,4,219,#74AEC6,#333333
71,4,219,#74AEC6,#333333
72,4,219,#74AEC6,#333333
73,4,219,#74AEC6,#333333
74,4,219,#74AEC6,#333333
75,4,219,#74AEC6,#333333
76,4,219,#74AEC6,#333333
77,4,219,#74AEC6,#333333
78,4,219,#74AEC6,#333333
1,5,219,#74AEC6,#74AEC6
2,5,219,#74AEC6,#74AEC6
3,5,219,#74AEC6,#74AEC6
4,5,219,#74AEC6,#74AEC6
5,5,219,#74AEC6,#74AEC6
6,5,219,#74AEC6,#74AEC6
7,5,219,#74AEC6,#74AEC6
8,5,219,#74AEC6,#74AEC6
9,5,219,#74AEC6,#74AEC6
10,5,219,#74AEC6,#74AEC6
11,5,219,#74AEC6,#74AEC6
12,5,219,#74AEC6,#74AEC6
13,5,219,#74AEC6,#74AEC6
14,5,219,#74AEC6,#74AEC6
15,5,219,#74AEC6,#74AEC6
16,5,219,#74AEC6,#74AEC6
17,5,219,#74AEC6,#74AEC6
18,5,219,#74AEC6,#74AEC6
19,5,219,#74AEC6,#74AEC6
20,5,219,#74AEC6,#74AEC6
21,5,219,#74AEC6,#74AEC6
22,5,219,#74AEC6,#74AEC6
23,5,219,#74AEC6,#74AEC6
24,5,219,#74AEC6,#74AEC6
25,5,219,#74AEC6,#74AEC6
26,5,219,#74AEC6,#74AEC6
27,5,219,#74AEC6,#74AEC6
28,5,219,#74AEC6,#74AEC6
29,5,219,#74AEC6,#74AEC6
30,5,219,#74AEC6,#74AEC6
31,5,219,#74AEC6,#74AEC6
32,5,219,#74AEC6,#74AEC6
33,5,219,#74AEC6,#74AEC6
34,5,219,#74AEC6,#74AEC6
35,5,219,#74AEC6,#74AEC6
36,5,219,#74AEC6,#74AEC6
37,5,124,#CCB690,#E3D88F
38,5,95,#CCB690,#E3D88F
39,5,124,#CCB690,#E3D88F
40,5,95,#CCB690,#E3D88F
41,5,124,#CCB690,#E3D88F
42,5,95,#CCB690,#E3D88F
43,5,219,#74AEC6,#74AEC6
44,5,219,#74AEC6,#74AEC6
45,5,219,#74AEC6,#74AEC6
46,5,219,#74AEC6,#74AEC6
47,5,219,#74AEC6,#74AEC6
48,5,219,#74AEC6,#74AEC6
49,5,219,#74AEC6,#74AEC6
50,5,219,#74AEC6,#74AEC6
51,5,219,#74AEC6,#74AEC6
52,5,219,#74AEC6,#74AEC6
53,5,219,#74AEC6,#74AEC6
54,5,219,#74AEC6,#74AEC6
55,5,219,#74AEC6,#74AEC6
56,5,219,#74AEC6,#74AEC6
57,5,219,#74AEC6,#74AEC6
58,5,219,#74AEC6,#74AEC6
59,5,219,#74AEC6,#74AEC6
60,5,219,#74AEC6,#74AEC6
61,5,219,#74AEC6,#74AEC6
62,5,219,#74AEC6,#74AEC6
63,5,219,#74AEC6,#74AEC6
64,5,219,#74AEC6,#333333
65,5,219,#74AEC6,#333333
66,5,219,#74AEC6,#333333
67,5,219,#74AEC6,#333333
68,5,219,#74AEC6,#333333
69,5,219,#74AEC6,#333333
70,5,219,#74AEC6,#333333
71,5,219,#74AEC6,#333333
72,5,219,#74AEC6,#333333
73,5,219,#74AEC6,#333333
74,5,219,#74AEC6,#333333
75,5,219,#74AEC6,#333333
76,5,219,#74AEC6,#333333
77,5,219,#74AEC6,#333333
78,5,219,#74AEC6,#333333
1,6,219,#74AEC6,#74AEC6
2,6,219,#74AEC6,#74AEC6
3,6,219,#74AEC6,#74AEC6
4,6,219,#74AEC6,#74AEC6
5,6,219,#74AEC6,#74AEC6
6,6,219,#74AEC6,#74AEC6
7,6,219,#74AEC6,#74AEC6
8,6,219,#74AEC6,#74AEC6
9,6,219,#74AEC6,#74AEC6
10,6,219,#74AEC6,#74AEC6
11,6,219,#74AEC6,#74AEC6
12,6,219,#74AEC6,#74AEC6
13,6,219,#74AEC6,#74AEC6
14,6,219,#74AEC6,#74AEC6
15,6,219,#74AEC6,#74AEC6
16,6,219,#74AEC6,#74AEC6
17,6,219,#74AEC6,#74AEC6
18,6,219,#74AEC6,#74AEC6
19,6,219,#74AEC6,#74AEC6
20,6,219,#74AEC6,#74AEC6
21,6,219,#74AEC6,#74AEC6
22,6,219,#74AEC6,#74AEC6
23,6,219,#74AEC6,#74AEC6
24,6,219,#74AEC6,#74AEC6
25,6,219,#74AEC6,#74AEC6
26,6,219,#74AEC6,#74AEC6
27,6,219,#74AEC6,#74AEC6
28,6,219,#74AEC6,#74AEC6
29,6,219,#74AEC6,#74AEC6
30,6,219,#74AEC6,#74AEC6
31,6,219,#74AEC6,#74AEC6
32,6,219,#74AEC6,#74AEC6
33,6,219,#74AEC6,#74AEC6
34,6,219,#74AEC6,#74AEC6
35,6,219,#74AEC6,#74AEC6
36,6,219,#74AEC6,#74AEC6
37,6,95,#CCB690,#E3D88F
38,6,124,#CCB690,#E3D88F
39,6,95,#CCB690,#E3D88F
40,6,124,#CCB690,#E3D88F
41,6,95,#CCB690,#E3D88F
42,6,124,#CCB690,#E3D88F
43,6,219,#74AEC6,#74AEC6
44,6,219,#74AEC6,#74AEC6
45,6,219,#74AEC6,#74AEC6
46,6,219,#74AEC6,#74AEC6
47,6,219,#74AEC6,#74AEC6
48,6,219,#74AEC6,#74AEC6
49,6,219,#74AEC6,#74AEC6
50,6,219,#74AEC6,#74AEC6
51,6,219,#74AEC6,#74AEC6
52,6,219,#74AEC6,#74AEC6
53,6,219,#74AEC6,#74AEC6
54,6,219,#74AEC6,#74AEC6
55,6,219,#74AEC6,#74AEC6
56,6,219,#74AEC6,#74AEC6
57,6,219,#74AEC6,#74AEC6
58,6,219,#74AEC6,#74AEC6
59,6,219,#74AEC6,#74AEC6
60,6,219,#74AEC6,#74AEC6
61,6,219,#74AEC6,#74AEC6
62,6,219,#74AEC6,#74AEC6
63,6,219,#74AEC6,#74AEC6
64,6,219,#74AEC6,#333333
65,6,219,#74AEC6,#333333
66,6,219,#74AEC6,#333333
67,6,219,#74AEC6,#333333
68,6,219,#74AEC6,#333333
69,6,219,#74AEC6,#333333
70,6,219,#74AEC6,#333333
71,6,219,#74AEC6,#333333
72,6,219,#74AEC6,#333333
73,6,219,#74AEC6,#333333
74,6,219,#74AEC6,#333333
75,6,219,#74AEC6,#333333
76,6,219,#74AEC6,#333333
77,6,219,#74AEC6,#333333
78,6,219,#74AEC6,#333333
1,7,219,#74AEC6,#74AEC6
2,7,219,#74AEC6,#74AEC6
3,7,219,#74AEC6,#74AEC6
4,7,219,#74AEC6,#74AEC6
5,7,219,#74AEC6,#74AEC6
6,7,219,#74AEC6,#74AEC6
7,7,219,#74AEC6,#74AEC6
8,7,219,#74AEC6,#74AEC6
9,7,219,#74AEC6,#74AEC6
10,7,219,#74AEC6,#74AEC6
11,7,219,#74AEC6,#74AEC6
12,7,219,#74AEC6,#74AEC6
13,7,219,#74AEC6,#74AEC6
14,7,219,#74AEC6,#74AEC6
15,7,219,#74AEC6,#74AEC6
16,7,219,#74AEC6,#74AEC6
17,7,219,#74AEC6,#74AEC6
18,7,219,#74AEC6,#74AEC6
19,7,219,#74AEC6,#74AEC6
20,7,219,#74AEC6,#74AEC6
21,7,219,#74AEC6,#74AEC6
22,7,219,#74AEC6,#74AEC6
23,7,219,#74AEC6,#74AEC6
24,7,219,#74AEC6,#74AEC6
25,7,219,#74AEC6,#74AEC6
26,7,219,#74AEC6,#74AEC6
27,7,219,#74AEC6,#74AEC6
28,7,219,#74AEC6,#74AEC6
29,7,219,#74AEC6,#74AEC6
30,7,219,#74AEC6,#74AEC6
31,7,219,#74AEC6,#74AEC6
32,7,219,#74AEC6,#74AEC6
33,7,219,#74AEC6,#74AEC6
34,7,219,#74AEC6,#74AEC6
35,7,124,#CCB690,#E3D88F
36,7,95,#CCB690,#E3D88F
37,7,124,#CCB690,#E3D88F
38,7,95,#CCB690,#E3D88F
39,7,124,#CCB690,#E3D88F
40,7,95,#CCB690,#E3D88F
41,7,124,#CCB690,#E3D88F
42,7,95,#CCB690,#E3D88F
43,7,124,#CCB690,#E3D88F
44,7,95,#CCB690,#E3D88F
45,7,219,#74AEC6,#74AEC6
46,7,219,#74AEC6,#74AEC6
47,7,219,#74AEC6,#74AEC6
48,7,219,#74AEC6,#74AEC6
49,7,219,#74AEC6,#74AEC6
50,7,219,#74AEC6,#74AEC6
51,7,219,#74AEC6,#74AEC6
52,7,219,#74AEC6,#74AEC6
53,7,219,#74AEC6,#74AEC6
54,7,219,#74AEC6,#74AEC6
55,7,219,#74AEC6,#74AEC6
56,7,219,#74AEC6,#74AEC6
57,7,219,#74AEC6,#74AEC6
58,7,219,#74AEC6,#74AEC6
59,7,219,#74AEC6,#74AEC6
60,7,219,#74AEC6,#74AEC6
61,7,219,#74AEC6,#74AEC6
62,7,219,#74AEC6,#74AEC6
63,7,219,#74AEC6,#74AEC6
64,7,219,#74AEC6,#333333
65,7,219,#74AEC6,#333333
66,7,219,#74AEC6,#333333
67,7,219,#74AEC6,#333333
68,7,219,#74AEC6,#333333
69,7,219,#74AEC6,#333333
70,7,219,#74AEC6,#333333
71,7,219,#74AEC6,#333333
72,7,219,#74AEC6,#333333
73,7,219,#74AEC6,#333333
74,7,219,#74AEC6,#333333
75,7,219,#74AEC6,#333333
76,7,219,#74AEC6,#333333
77,7,219,#74AEC6,#333333
78,7,219,#74AEC6,#333333
1,8,219,#74AEC6,#74AEC6
2,8,219,#74AEC6,#74AEC6
3,8,219,#74AEC6,#74AEC6
4,8,219,#74AEC6,#74AEC6
5,8,219,#74AEC6,#74AEC6
6,8,219,#74AEC6,#74AEC6
7,8,219,#74AEC6,#74AEC6
8,8,219,#74AEC6,#74AEC6
9,8,219,#74AEC6,#74AEC6
10,8,219,#74AEC6,#74AEC6
11,8,219,#74AEC6,#74AEC6
12,8,219,#74AEC6,#74AEC6
13,8,219,#74AEC6,#74AEC6
14,8,219,#74AEC6,#74AEC6
15,8,219,#74AEC6,#74AEC6
16,8,219,#74AEC6,#74AEC6
17,8,219,#74AEC6,#74AEC6
18,8,219,#74AEC6,#74AEC6
19,8,219,#74AEC6,#74AEC6
20,8,219,#74AEC6,#74AEC6
21,8,219,#74AEC6,#74AEC6
22,8,219,#74AEC6,#74AEC6
23,8,219,#74AEC6,#74AEC6
24,8,219,#74AEC6,#74AEC6
25,8,219,#74AEC6,#74AEC6
26,8,219,#74AEC6,#74AEC6
27,8,219,#74AEC6,#74AEC6
28,8,219,#74AEC6,#74AEC6
29,8,219,#74AEC6,#74AEC6
30,8,219,#74AEC6,#74AEC6
31,8,219,#74AEC6,#74AEC6
32,8,219,#74AEC6,#74AEC6
33,8,219,#74AEC6,#74AEC6
34,8,219,#74AEC6,#74AEC6
35,8,95,#CCB690,#E3D88F
36,8,124,#CCB690,#E3D88F
37,8,95,#CCB690,#E3D88F
38,8,124,#CCB690,#E3D88F
39,8,95,#CCB690,#E3D88F
40,8,124,#CCB690,#E3D88F
41,8,95,#CCB690,#E3D88F
42,8,124,#CCB690,#E3D88F
43,8,95,#CCB690,#E3D88F
44,8,124,#CCB690,#E3D88F
45,8,219,#74AEC6,#74AEC6
46,8,219,#74AEC6,#74AEC6
47,8,219,#74AEC6,#74AEC6
48,8,219,#74AEC6,#74AEC6
49,8,219,#74AEC6,#74AEC6
50,8,219,#74AEC6,#74AEC6
51,8,219,#74AEC6,#74AEC6
52,8,219,#74AEC6,#74AEC6
53,8,219,#74AEC6,#74AEC6
54,8,219,#74AEC6,#74AEC6
55,8,219,#74AEC6,#74AEC6
56,8,219,#74AEC6,#74AEC6
57,8,219,#74AEC6,#74AEC6
58,8,219,#74AEC6,#74AEC6
59,8,219,#74AEC6,#74AEC6
60,8,219,#74AEC6,#74AEC6
61,8,219,#74AEC6,#74AEC6
62,8,219,#74AEC6,#74AEC6
63,8,219,#74AEC6,#74AEC6
64,8,219,#74AEC6,#333333
65,8,219,#74AEC6,#333333
66,8,219,#74AEC6,#333333
67,8,219,#74AEC6,#333333
68,8,219,#74AEC6,#333333
69,8,219,#74AEC6,#333333
70,8,219,#74AEC6,#333333
71,8,219,#74AEC6,#333333
72,8,219,#74AEC6,#333333
73,8,219,#74AEC6,#333333
74,8,219,#74AEC6,#333333
75,8,219,#74AEC6,#333333
76,8,219,#74AEC6,#333333
77,8,219,#74AEC6,#333333
78,8,219,#74AEC6,#333333
1,9,219,#74AEC6,#74AEC6
2,9,219,#74AEC6,#74AEC6
3,9,219,#74AEC6,#74AEC6
4,9,219,#74AEC6,#74AEC6
5,9,219,#74AEC6,#74AEC6
6,9,219,#74AEC6,#74AEC6
7,9,219,#74AEC6,#74AEC6
8,9,219,#74AEC6,#74AEC6
9,9,219,#74AEC6,#74AEC6
10,9,219,#74AEC6,#74AEC6
11,9,219,#74AEC6,#74AEC6
12,9,219,#74AEC6,#74AEC6
13,9,219,#74AEC6,#74AEC6
14,9,219,#74AEC6,#74AEC6
15,9,219,#74AEC6,#74AEC6
16,9,219,#74AEC6,#74AEC6
17,9,219,#74AEC6,#74AEC6
18,9,219,#74AEC6,#74AEC6
19,9,219,#74AEC6,#74AEC6
20,9,219,#74AEC6,#74AEC6
21,9,219,#74AEC6,#74AEC6
22,9,219,#74AEC6,#74AEC6
23,9,219,#74AEC6,#74AEC6
24,9,219,#74AEC6,#74AEC6
25,9,219,#74AEC6,#74AEC6
26,9,219,#74AEC6,#74AEC6
27,9,219,#74AEC6,#74AEC6
28,9,219,#74AEC6,#74AEC6
29,9,219,#74AEC6,#74AEC6
30,9,219,#74AEC6,#74AEC6
31,9,219,#74AEC6,#74AEC6
32,9,219,#74AEC6,#74AEC6
33,9,124,#CCB690,#E3D88F
34,9,95,#CCB690,#E3D88F
35,9,124,#CCB690,#E3D88F
36,9,95,#CCB690,#E3D88F
37,9,124,#CCB690,#E3D88F
38,9,95,#CCB690,#E3D88F
39,9,124,#CCB690,#E3D88F
40,9,95,#CCB690,#E3D88F
41,9,124,#CCB690,#E3D88F
42,9,95,#CCB690,#E3D88F
43,9,124,#CCB690,#E3D88F
44,9,95,#CCB690,#E3D88F
45,9,124,#CCB690,#E3D88F
46,9,95,#CCB690,#E3D88F
47,9,219,#74AEC6,#74AEC6
48,9,219,#74AEC6,#74AEC6
49,9,219,#74AEC6,#74AEC6
50,9,219,#74AEC6,#74AEC6
51,9,219,#74AEC6,#74AEC6
52,9,219,#74AEC6,#74AEC6
53,9,219,#74AEC6,#74AEC6
54,9,219,#74AEC6,#74AEC6
55,9,219,#74AEC6,#74AEC6
56,9,219,#74AEC6,#74AEC6
57,9,219,#74AEC6,#74AEC6
58,9,219,#74AEC6,#74AEC6
59,9,219,#74AEC6,#74AEC6
60,9,219,#74AEC6,#74AEC6
61,9,219,#74AEC6,#74AEC6
62,9,219,#74AEC6,#74AEC6
63,9,219,#74AEC6,#74AEC6
64,9,219,#74AEC6,#333333
65,9,219,#74AEC6,#333333
66,9,219,#74AEC6,#333333
67,9,219,#74AEC6,#333333
68,9,219,#74AEC6,#333333
69,9,219,#74AEC6,#333333
70,9,219,#74AEC6,#333333
71,9,219,#74AEC6,#333333
72,9,219,#74AEC6,#333333
73,9,219,#74AEC6,#333333
74,9,219,#74AEC6,#333333
75,9,219,#74AEC6,#333333
76,9,219,#74AEC6,#333333
77,9,219,#74AEC6,#333333
78,9,219,#74AEC6,#333333
1,10,219,#74AEC6,#74AEC6
2,10,219,#74AEC6,#74AEC6
3,10,219,#74AEC6,#74AEC6
4,10,219,#74AEC6,#74AEC6
5,10,219,#74AEC6,#74AEC6
6,10,219,#74AEC6,#74AEC6
7,10,219,#74AEC6,#74AEC6
8,10,219,#74AEC6,#74AEC6
9,10,219,#74AEC6,#74AEC6
10,10,219,#74AEC6,#74AEC6
11,10,219,#74AEC6,#74AEC6
12,10,219,#74AEC6,#74AEC6
13,10,219,#74AEC6,#74AEC6
14,10,219,#74AEC6,#74AEC6
15,10,219,#74AEC6,#74AEC6
16,10,219,#74AEC6,#74AEC6
17,10,219,#74AEC6,#74AEC6
18,10,219,#74AEC6,#74AEC6
19,10,219,#74AEC6,#74AEC6
20,10,219,#74AEC6,#74AEC6
21,10,219,#74AEC6,#74AEC6
22,10,219,#74AEC6,#74AEC6
23,10,219,#74AEC6,#74AEC6
24,10,219,#74AEC6,#74AEC6
25,10,219,#74AEC6,#74AEC6
26,10,219,#74AEC6,#74AEC6
27,10,219,#74AEC6,#74AEC6
28,10,219,#74AEC6,#74AEC6
29,10,219,#74AEC6,#74AEC6
30,10,219,#74AEC6,#74AEC6
31,10,219,#74AEC6,#74AEC6
32,10,219,#74AEC6,#74AEC6
33,10,95,#CCB690,#E3D88F
34,10,124,#CCB690,#E3D88F
35,10,95,#CCB690,#E3D88F
36,10,124,#CCB690,#E3D88F
37,10,95,#CCB690,#E3D88F
38,10,124,#CCB690,#E3D88F
39,10,95,#CCB690,#E3D88F
40,10,124,#CCB690,#E3D88F
41,10,95,#CCB690,#E3D88F
42,10,124,#CCB690,#E3D88F
43,10,95,#CCB690,#E3D88F
44,10,124,#CCB690,#E3D88F
45,10,95,#CCB690,#E3D88F
46,10,124,#CCB690,#E3D88F
47,10,219,#74AEC6,#74AEC6
48,10,219,#74AEC6,#74AEC6
49,10,219,#74AEC6,#74AEC6
50,10,219,#74AEC6,#74AEC6
51,10,219,#74AEC6,#74AEC6
52,10,219,#74AEC6,#74AEC6
53,10,219,#74AEC6,#74AEC6
54,10,219,#74AEC6,#74AEC6
55,10,219,#74AEC6,#74AEC6
56,10,219,#74AEC6,#74AEC6
57,10,219,#74AEC6,#74AEC6
58,10,219,#74AEC6,#74AEC6
59,10,219,#74AEC6,#74AEC6
60,10,219,#74AEC6,#74AEC6
61,10,219,#74AEC6,#74AEC6
62,10,219,#74AEC6,#74AEC6
63,10,219,#74AEC6,#74AEC6
64,10,219,#74AEC6,#333333
65,10,219,#74AEC6,#333333
66,10,219,#74AEC6,#333333
67,10,219,#74AEC6,#333333
68,10,219,#74AEC6,#333333
69,10,219,#74AEC6,#333333
70,10,219,#74AEC6,#333333
71,10,219,#74AEC6,#333333
72,10,219,#74AEC6,#333333
73,10,219,#74AEC6,#333333
74,10,219,#74AEC6,#333333
75,10,219,#74AEC6,#333333
76,10,219,#74AEC6,#333333
77,10,219,#74AEC6,#333333
78,10,219,#74AEC6,#333333
1,11,219,#74AEC6,#74AEC6
2,11,219,#74AEC6,#74AEC6
3,11,219,#74AEC6,#74AEC6
4,11,219,#74AEC6,#74AEC6
5,11,219,#74AEC6,#74AEC6
6,11,219,#74AEC6,#74AEC6
7,11,219,#74AEC6,#74AEC6
8,11,219,#74AEC6,#74AEC6
9,11,219,#74AEC6,#74AEC6
10,11,219,#74AEC6,#74AEC6
11,11,219,#74AEC6,#74AEC6
12,11,219,#74AEC6,#74AEC6
13,11,219,#74AEC6,#74AEC6
14,11,219,#74AEC6,#74AEC6
15,11,219,#74AEC6,#74AEC6
16,11,219,#74AEC6,#74AEC6
17,11,219,#74AEC6,#74AEC6
18,11,219,#74AEC6,#74AEC6
19,11,219,#74AEC6,#74AEC6
20,11,219,#74AEC6,#74AEC6
21,11,219,#74AEC6,#74AEC6
22,11,219,#74AEC6,#74AEC6
23,11,219,#74AEC6,#74AEC6
24,11,219,#74AEC6,#74AEC6
25,11,219,#74AEC6,#74AEC6
26,11,219,#74AEC6,#74AEC6
27,11,219,#74AEC6,#74AEC6
28,11,219,#74AEC6,#74AEC6
29,11,219,#74AEC6,#74AEC6
30,11,219,#74AEC6,#74AEC6
31,11,124,#CCB690,#E3D88F
32,11,95,#CCB690,#E3D88F
33,11,124,#CCB690,#E3D88F
34,11,95,#CCB690,#E3D88F
35,11,124,#CCB690,#E3D88F
36,11,95,#CCB690,#E3D88F
37,11,124,#CCB690,#E3D88F
38,11,95,#CCB690,#E3D88F
39,11,124,#CCB690,#E3D88F
40,11,95,#CCB690,#E3D88F
41,11,124,#CCB690,#E3D88F
42,11,95,#CCB690,#E3D88F
43,11,124,#CCB690,#E3D88F
44,11,95,#CCB690,#E3D88F
45,11,124,#CCB690,#E3D88F
46,11,95,#CCB690,#E3D88F
47,11,124,#CCB690,#E3D88F
48,11,95,#CCB690,#E3D88F
49,11,219,#74AEC6,#74AEC6
50,11,219,#74AEC6,#74AEC6
51,11,219,#74AEC6,#74AEC6
52,11,219,#74AEC6,#74AEC6
53,11,219,#74AEC6,#74AEC6
54,11,219,#74AEC6,#74AEC6
55,11,219,#74AEC6,#74AEC6
56,11,219,#74AEC6,#74AEC6
57,11,219,#74AEC6,#74AEC6
58,11,219,#74AEC6,#74AEC6
59,11,219,#74AEC6,#74AEC6
60,11,219,#74AEC6,#74AEC6
61,11,219,#74AEC6,#74AEC6
62,11,219,#74AEC6,#74AEC6
63,11,219,#74AEC6,#74AEC6
64,11,219,#74AEC6,#333333
65,11,219,#74AEC6,#333333
66,11,219,#74AEC6,#333333
67,11,219,#74AEC6,#333333
68,11,219,#74AEC6,#333333
69,11,219,#74AEC6,#333333
70,11,219,#74AEC6,#333333
71,11,219,#74AEC6,#333333
72,11,219,#74AEC6,#333333
73,11,219,#74AEC6,#333333
74,11,219,#74AEC6,#333333
75,11,219,#74AEC6,#333333
76,11,219,#74AEC6,#333333
77,11,219,#74AEC6,#333333
78,11,219,#74AEC6,#333333
1,12,219,#74AEC6,#74AEC6
2,12,219,#74AEC6,#74AEC6
3,12,219,#74AEC6,#74AEC6
4,12,219,#74AEC6,#74AEC6
5,12,219,#74AEC6,#74AEC6
6,12,219,#74AEC6,#74AEC6
7,12,219,#74AEC6,#74AEC6
8,12,219,#74AEC6,#74AEC6
9,12,219,#74AEC6,#74AEC6
10,12,219,#74AEC6,#74AEC6
11,12,219,#74AEC6,#74AEC6
12,12,219,#74AEC6,#74AEC6
13,12,219,#74AEC6,#333333
14,12,219,#74AEC6,#333333
15,12,219,#74AEC6,#74AEC6
16,12,219,#74AEC6,#74AEC6
17,12,219,#74AEC6,#74AEC6
18,12,219,#74AEC6,#74AEC6
19,12,219,#74AEC6,#74AEC6
20,12,219,#74AEC6,#74AEC6
21,12,219,#74AEC6,#74AEC6
22,12,219,#74AEC6,#74AEC6
23,12,219,#74AEC6,#74AEC6
24,12,219,#74AEC6,#74AEC6
25,12,219,#74AEC6,#74AEC6
26,12,219,#74AEC6,#74AEC6
27,12,219,#74AEC6,#74AEC6
28,12,219,#74AEC6,#74AEC6
29,12,219,#74AEC6,#74AEC6
30,12,219,#74AEC6,#74AEC6
31,12,95,#CCB690,#E3D88F
32,12,124,#CCB690,#E3D88F
33,12,95,#CCB690,#E3D88F
34,12,124,#CCB690,#E3D88F
35,12,95,#CCB690,#E3D88F
36,12,124,#CCB690,#E3D88F
37,12,95,#CCB690,#E3D88F
38,12,124,#CCB690,#E3D88F
39,12,95,#CCB690,#E3D88F
40,12,124,#CCB690,#E3D88F
41,12,95,#CCB690,#E3D88F
42,12,124,#CCB690,#E3D88F
43,12,95,#CCB690,#E3D88F
44,12,124,#CCB690,#E3D88F
45,12,95,#CCB690,#E3D88F
46,12,124,#CCB690,#E3D88F
47,12,95,#CCB690,#E3D88F
48,12,124,#CCB690,#E3D88F
49,12,219,#74AEC6,#74AEC6
50,12,219,#74AEC6,#74AEC6
51,12,219,#74AEC6,#74AEC6
52,12,219,#74AEC6,#74AEC6
53,12,219,#74AEC6,#74AEC6
54,12,219,#74AEC6,#74AEC6
55,12,219,#74AEC6,#74AEC6
56,12,219,#74AEC6,#74AEC6
57,12,219,#74AEC6,#74AEC6
58,12,219,#74AEC6,#74AEC6
59,12,219,#74AEC6,#74AEC6
60,12,219,#74AEC6,#74AEC6
61,12,219,#74AEC6,#74AEC6
62,12,219,#74AEC6,#74AEC6
63,12,219,#74AEC6,#74AEC6
64,12,219,#74AEC6,#333333
65,12,219,#74AEC6,#333333
66,12,219,#74AEC6,#333333
67,12,219,#74AEC6,#333333
68,12,219,#74AEC6,#333333
69,12,219,#74AEC6,#333333
70,12,219,#74AEC6,#333333
71,12,219,#74AEC6,#333333
72,12,219,#74AEC6,#333333
73,12,219,#74AEC6,#333333
74,12,219,#74AEC6,#333333
75,12,219,#74AEC6,#333333
76,12,219,#74AEC6,#333333
77,12,219,#74AEC6,#333333
78,12,219,#74AEC6,#333333
1,13,219,#74AEC6,#74AEC6
2,13,219,#74AEC6,#74AEC6
3,13,219,#74AEC6,#74AEC6
4,13,219,#74AEC6,#74AEC6
5,13,219,#74AEC6,#74AEC6
6,13,219,#74AEC6,#74AEC6
7,13,219,#74AEC6,#74AEC6
8,13,219,#74AEC6,#74AEC6
9,13,219,#74AEC6,#74AEC6
10,13,219,#74AEC6,#74AEC6
11,13,219,#74AEC6,#74AEC6
12,13,219,#74AEC6,#333333
13,13,219,#74AEC6,#333333
14,13,219,#74AEC6,#333333
15,13,219,#74AEC6,#74AEC6
16,13,219,#74AEC6,#74AEC6
17,13,219,#74AEC6,#74AEC6
18,13,219,#74AEC6,#74AEC6
19,13,219,#74AEC6,#74AEC6
20,13,219,#74AEC6,#74AEC6
21,13,219,#74AEC6,#74AEC6
22,13,219,#74AEC6,#74AEC6
23,13,219,#74AEC6,#74AEC6
24,13,219,#74AEC6,#74AEC6
25,13,219,#74AEC6,#74AEC6
26,13,219,#74AEC6,#74AEC6
27,13,219,#74AEC6,#74AEC6
28,13,219,#74AEC6,#74AEC6
29,13,124,#CCB690,#E3D88F
30,13,95,#CCB690,#E3D88F
31,13,124,#CCB690,#E3D88F
32,13,95,#CCB690,#E3D88F
33,13,124,#CCB690,#E3D88F
34,13,95,#CCB690,#E3D88F
35,13,124,#CCB690,#E3D88F
36,13,95,#CCB690,#E3D88F
37,13,124,#CCB690,#E3D88F
38,13,95,#CCB690,#E3D88F
39,13,124,#CCB690,#E3D88F
40,13,95,#CCB690,#E3D88F
41,13,124,#CCB690,#E3D88F
42,13,95,#CCB690,#E3D88F
43,13,124,#CCB690,#E3D88F
44,13,95,#CCB690,#E3D88F
45,13,124,#CCB690,#E3D88F
46,13,95,#CCB690,#E3D88F
47,13,124,#CCB690,#E3D88F
48,13,95,#CCB690,#E3D88F
49,13,124,#CCB690,#E3D88F
50,13,95,#CCB690,#E3D88F
51,13,219,#74AEC6,#74AEC6
52,13,219,#74AEC6,#74AEC6
53,13,219,#74AEC6,#74AEC6
54,13,219,#74AEC6,#74AEC6
55,13,219,#74AEC6,#74AEC6
56,13,219,#74AEC6,#74AEC6
57,13,219,#74AEC6,#74AEC6
58,13,219,#74AEC6,#74AEC6
59,13,219,#74AEC6,#74AEC6
60,13,219,#74AEC6,#74AEC6
61,13,219,#74AEC6,#74AEC6
62,13,219,#74AEC6,#74AEC6
63,13,219,#74AEC6,#74AEC6
64,13,219,#74AEC6,#333333
65,13,219,#74AEC6,#333333
66,13,219,#74AEC6,#333333
67,13,219,#74AEC6,#333333
68,13,219,#74AEC6,#333333
69,13,219,#74AEC6,#333333
70,13,219,#74AEC6,#333333
71,13,219,#74AEC6,#333333
72,13,219,#74AEC6,#333333
73,13,219,#74AEC6,#333333
74,13,219,#74AEC6,#333333
75,13,219,#74AEC6,#333333
76,13,219,#74AEC6,#333333
77,13,219,#74AEC6,#333333
78,13,219,#74AEC6,#333333
1,14,219,#74AEC6,#74AEC6
2,14,219,#74AEC6,#74AEC6
3,14,219,#74AEC6,#74AEC6
4,14,219,#74AEC6,#74AEC6
5,14,219,#74AEC6,#74AEC6
6,14,219,#74AEC6,#74AEC6
7,14,219,#74AEC6,#74AEC6
8,14,219,#74AEC6,#74AEC6
9,14,219,#74AEC6,#74AEC6
10,14,219,#74AEC6,#333333
11,14,219,#74AEC6,#333333
12,14,219,#74AEC6,#333333
13,14,219,#74AEC6,#333333
14,14,219,#74AEC6,#333333
15,14,219,#74AEC6,#74AEC6
16,14,219,#74AEC6,#74AEC6
17,14,219,#74AEC6,#74AEC6
18,14,219,#74AEC6,#74AEC6
19,14,219,#74AEC6,#74AEC6
20,14,219,#74AEC6,#74AEC6
21,14,219,#74AEC6,#74AEC6
22,14,219,#74AEC6,#74AEC6
23,14,219,#74AEC6,#74AEC6
24,14,219,#74AEC6,#74AEC6
25,14,219,#74AEC6,#74AEC6
26,14,219,#74AEC6,#74AEC6
27,14,219,#74AEC6,#74AEC6
28,14,219,#74AEC6,#74AEC6
29,14,95,#CCB690,#E3D88F
30,14,124,#CCB690,#E3D88F
31,14,95,#CCB690,#E3D88F
32,14,124,#CCB690,#E3D88F
33,14,95,#CCB690,#E3D88F
34,14,124,#CCB690,#E3D88F
35,14,95,#CCB690,#E3D88F
36,14,124,#CCB690,#E3D88F
37,14,95,#CCB690,#E3D88F
38,14,124,#CCB690,#E3D88F
39,14,95,#CCB690,#E3D88F
40,14,124,#CCB690,#E3D88F
41,14,95,#CCB690,#E3D88F
42,14,124,#CCB690,#E3D88F
43,14,95,#CCB690,#E3D88F
44,14,124,#CCB690,#E3D88F
45,14,95,#CCB690,#E3D88F
46,14,124,#CCB690,#E3D88F
47,14,95,#CCB690,#E3D88F
48,14,124,#CCB690,#E3D88F
49,14,95,#CCB690,#E3D88F
50,14,124,#CCB690,#E3D88F
51,14,219,#74AEC6,#74AEC6
52,14,219,#74AEC6,#74AEC6
53,14,219,#74AEC6,#74AEC6
54,14,219,#74AEC6,#74AEC6
55,14,219,#74AEC6,#74AEC6
56,14,219,#74AEC6,#74AEC6
57,14,219,#74AEC6,#74AEC6
58,14,219,#74AEC6,#74AEC6
59,14,219,#74AEC6,#74AEC6
60,14,219,#74AEC6,#74AEC6
61,14,219,#74AEC6,#74AEC6
62,14,219,#74AEC6,#74AEC6
63,14,219,#74AEC6,#74AEC6
64,14,219,#74AEC6,#333333
65,14,219,#74AEC6,#333333
66,14,219,#74AEC6,#333333
67,14,219,#74AEC6,#333333
68,14,219,#74AEC6,#333333
69,14,219,#74AEC6,#333333
70,14,219,#74AEC6,#333333
71,14,219,#74AEC6,#333333
72,14,219,#74AEC6,#333333
73,14,219,#74AEC6,#333333
74,14,219,#74AEC6,#333333
75,14,219,#74AEC6,#333333
76,14,219,#74AEC6,#333333
77,14,219,#74AEC6,#333333
78,14,219,#74AEC6,#333333
1,15,219,#74AEC6,#74AEC6
2,15,219,#74AEC6,#74AEC6
3,15,219,#74AEC6,#74AEC6
4,15,219,#74AEC6,#74AEC6
5,15,219,#74AEC6,#74AEC6
6,15,219,#74AEC6,#74AEC6
7,15,219,#74AEC6,#74AEC6
8,15,219,#74AEC6,#74AEC6
9,15,219,#74AEC6,#74AEC6
10,15,219,#74AEC6,#333333
11,15,219,#74AEC6,#333333
12,15,219,#74AEC6,#333333
13,15,219,#74AEC6,#333333
14,15,219,#74AEC6,#333333
15,15,219,#74AEC6,#74AEC6
16,15,219,#74AEC6,#74AEC6
17,15,219,#74AEC6,#74AEC6
18,15,219,#74AEC6,#74AEC6
19,15,219,#74AEC6,#74AEC6
20,15,219,#74AEC6,#74AEC6
21,15,219,#74AEC6,#74AEC6
22,15,219,#74AEC6,#74AEC6
23,15,219,#74AEC6,#74AEC6
24,15,219,#74AEC6,#74AEC6
25,15,219,#74AEC6,#74AEC6
26,15,219,#74AEC6,#74AEC6
27,15,124,#CCB690,#E3D88F
28,15,95,#CCB690,#E3D88F
29,15,124,#CCB690,#E3D88F
30,15,95,#CCB690,#E3D88F
31,15,124,#CCB690,#E3D88F
32,15,95,#CCB690,#E3D88F
33,15,124,#CCB690,#E3D88F
34,15,95,#CCB690,#E3D88F
35,15,124,#CCB690,#E3D88F
36,15,95,#CCB690,#E3D88F
37,15,124,#CCB690,#E3D88F
38,15,95,#CCB690,#E3D88F
39,15,124,#CCB690,#E3D88F
40,15,95,#CCB690,#E3D88F
41,15,124,#CCB690,#E3D88F
42,15,95,#CCB690,#E3D88F
43,15,124,#CCB690,#E3D88F
44,15,95,#CCB690,#E3D88F
45,15,124,#CCB690,#E3D88F
46,15,95,#CCB690,#E3D88F
47,15,124,#CCB690,#E3D88F
48,15,95,#CCB690,#E3D88F
49,15,124,#CCB690,#E3D88F
50,15,95,#CCB690,#E3D88F
51,15,124,#CCB690,#E3D88F
52,15,95,#CCB690,#E3D88F
53,15,219,#74AEC6,#74AEC6
54,15,219,#74AEC6,#74AEC6
55,15,219,#74AEC6,#74AEC6
56,15,219,#74AEC6,#74AEC6
57,15,219,#74AEC6,#74AEC6
58,15,219,#74AEC6,#74AEC6
59,15,219,#74AEC6,#74AEC6
60,15,219,#74AEC6,#74AEC6
61,15,219,#74AEC6,#74AEC6
62,15,219,#74AEC6,#74AEC6
63,15,219,#74AEC6,#74AEC6
64,15,219,#74AEC6,#333333
65,15,219,#74AEC6,#333333
66,15,219,#74AEC6,#333333
67,15,219,#74AEC6,#333333
68,15,219,#74AEC6,#333333
69,15,219,#74AEC6,#333333
70,15,219,#74AEC6,#333333
71,15,219,#74AEC6,#333333
72,15,219,#74AEC6,#333333
73,15,219,#74AEC6,#333333
74,15,219,#74AEC6,#333333
75,15,219,#74AEC6,#333333
76,15,219,#74AEC6,#333333
77,15,219,#74AEC6,#333333
78,15,219,#74AEC6,#333333
1,16,219,#74AEC6,#74AEC6
2,16,219,#74AEC6,#74AEC6
3,16,219,#74AEC6,#74AEC6
4,16,219,#74AEC6,#74AEC6
5,16,219,#74AEC6,#74AEC6
6,16,219,#74AEC6,#74AEC6
7,16,219,#74AEC6,#74AEC6
8,16,219,#74AEC6,#74AEC6
9,16,219,#74AEC6,#333333
10,16,219,#74AEC6,#333333
11,16,219,#74AEC6,#333333
12,16,219,#74AEC6,#333333
13,16,219,#74AEC6,#333333
14,16,219,#74AEC6,#333333
15,16,219,#74AEC6,#74AEC6
16,16,219,#74AEC6,#74AEC6
17,16,219,#74AEC6,#74AEC6
18,16,219,#74AEC6,#74AEC6
19,16,219,#74AEC6,#74AEC6
20,16,219,#74AEC6,#74AEC6
21,16,219,#74AEC6,#74AEC6
22,16,219,#74AEC6,#74AEC6
23,16,219,#74AEC6,#74AEC6
24,16,219,#74AEC6,#74AEC6
25,16,219,#74AEC6,#74AEC6
26,16,219,#74AEC6,#74AEC6
27,16,95,#CCB690,#E3D88F
28,16,124,#CCB690,#E3D88F
29,16,95,#CCB690,#E3D88F
30,16,124,#CCB690,#E3D88F
31,16,95,#CCB690,#E3D88F
32,16,124,#CCB690,#E3D88F
33,16,95,#CCB690,#E3D88F
34,16,124,#CCB690,#E3D88F
35,16,95,#CCB690,#E3D88F
36,16,124,#CCB690,#E3D88F
37,16,95,#CCB690,#E3D88F
38,16,124,#CCB690,#E3D88F
39,16,95,#CCB690,#E3D88F
40,16,124,#CCB690,#E3D88F
41,16,95,#CCB690,#E3D88F
42,16,124,#CCB690,#E3D88F
43,16,95,#CCB690,#E3D88F
44,16,124,#CCB690,#E3D88F
45,16,95,#CCB690,#E3D88F
46,16,124,#CCB690,#E3D88F
47,16,95,#CCB690,#E3D88F
48,16,124,#CCB690,#E3D88F
49,16,95,#CCB690,#E3D88F
50,16,124,#CCB690,#E3D88F
51,16,95,#CCB690,#E3D88F
52,16,124,#CCB690,#E3D88F
53,16,219,#74AEC6,#74AEC6
54,16,219,#74AEC6,#74AEC6
55,16,219,#74AEC6,#74AEC6
56,16,219,#74AEC6,#74AEC6
57,16,219,#74AEC6,#74AEC6
58,16,219,#74AEC6,#74AEC6
59,16,219,#74AEC6,#74AEC6
60,16,219,#74AEC6,#74AEC6
61,16,219,#74AEC6,#74AEC6
62,16,219,#74AEC6,#74AEC6
63,16,219,#74AEC6,#74AEC6
64,16,219,#74AEC6,#333333
65,16,219,#74AEC6,#333333
66,16,219,#74AEC6,#333333
67,16,219,#74AEC6,#333333
68,16,219,#74AEC6,#333333
69,16,219,#74AEC6,#333333
70,16,219,#74AEC6,#333333
71,16,219,#74AEC6,#333333
72,16,219,#74AEC6,#333333
73,16,219,#74AEC6,#333333
74,16,219,#74AEC6,#333333
75,16,219,#74AEC6,#333333
76,16,219,#74AEC6,#333333
77,16,219,#74AEC6,#333333
78,16,219,#74AEC6,#333333
1,17,219,#74AEC6,#74AEC6
2,17,219,#74AEC6,#74AEC6
3,17,219,#74AEC6,#74AEC6
4,17,219,#74AEC6,#74AEC6
5,17,219,#74AEC6,#74AEC6
6,17,219,#74AEC6,#74AEC6
7,17,219,#74AEC6,#74AEC6
8,17,219,#74AEC6,#333333
9,17,219,#74AEC6,#333333
10,17,219,#74AEC6,#333333
11,17,219,#74AEC6,#333333
12,17,219,#74AEC6,#333333
13,17,219,#74AEC6,#333333
14,17,219,#74AEC6,#333333
15,17,219,#74AEC6,#74AEC6
16,17,219,#74AEC6,#74AEC6
17,17,219,#74AEC6,#74AEC6
18,17,219,#74AEC6,#74AEC6
19,17,219,#74AEC6,#74AEC6
20,17,219,#74AEC6,#74AEC6
21,17,219,#74AEC6,#74AEC6
22,17,219,#74AEC6,#74AEC6
23,17,219,#74AEC6,#74AEC6
24,17,219,#74AEC6,#74AEC6
25,17,124,#CCB690,#E3D88F
26,17,95,#CCB690,#E3D88F
27,17,124,#CCB690,#E3D88F
28,17,95,#CCB690,#E3D88F
29,17,124,#CCB690,#E3D88F
30,17,95,#CCB690,#E3D88F
31,17,124,#CCB690,#E3D88F
32,17,95,#CCB690,#E3D88F
33,17,124,#CCB690,#E3D88F
34,17,95,#CCB690,#E3D88F
35,17,124,#CCB690,#E3D88F
36,17,95,#CCB690,#E3D88F
37,17,124,#CCB690,#E3D88F
38,17,95,#CCB690,#E3D88F
39,17,124,#CCB690,#E3D88F
40,17,95,#CCB690,#E3D88F
41,17,124,#CCB690,#E3D88F
42,17,95,#CCB690,#E3D88F
43,17,124,#CCB690,#E3D88F
44,17,95,#CCB690,#E3D88F
45,17,124,#CCB690,#E3D88F
46,17,95,#CCB690,#E3D88F
47,17,124,#CCB690,#E3D88F
48,17,95,#CCB690,#E3D88F
49,17,124,#CCB690,#E3D88F
50,17,95,#CCB690,#E3D88F
51,17,124,#CCB690,#E3D88F
52,17,95,#CCB690,#E3D88F
53,17,124,#CCB690,#E3D88F
54,17,95,#CCB690,#E3D88F
55,17,219,#74AEC6,#74AEC6
56,17,219,#74AEC6,#74AEC6
57,17,219,#74AEC6,#74AEC6
58,17,219,#74AEC6,#74AEC6
59,17,219,#74AEC6,#74AEC6
60,17,219,#74AEC6,#74AEC6
61,17,219,#74AEC6,#74AEC6
62,17,219,#74AEC6,#74AEC6
63,17,219,#74AEC6,#74AEC6
64,17,219,#74AEC6,#333333
65,17,219,#74AEC6,#333333
66,17,219,#74AEC6,#333333
67,17,219,#74AEC6,#333333
68,17,219,#74AEC6,#333333
69,17,219,#74AEC6,#333333
70,17,219,#74AEC6,#333333
71,17,219,#74AEC6,#333333
72,17,219,#74AEC6,#333333
73,17,219,#74AEC6,#333333
74,17,219,#74AEC6,#333333
75,17,219,#74AEC6,#333333
76,17,219,#74AEC6,#333333
77,17,219,#74AEC6,#333333
78,17,219,#74AEC6,#333333
1,18,219,#74AEC6,#74AEC6
2,18,219,#74AEC6,#74AEC6
3,18,219,#74AEC6,#74AEC6
4,18,219,#74AEC6,#74AEC6
5,18,219,#74AEC6,#74AEC6
6,18,219,#74AEC6,#333333
7,18,219,#74AEC6,#333333
8,18,219,#74AEC6,#333333
9,18,219,#74AEC6,#333333
10,18,219,#74AEC6,#333333
11,18,219,#74AEC6,#333333
12,18,219,#74AEC6,#333333
13,18,219,#74AEC6,#333333
14,18,219,#74AEC6,#333333
15,18,219,#74AEC6,#74AEC6
16,18,219,#74AEC6,#74AEC6
17,18,219,#74AEC6,#74AEC6
18,18,219,#74AEC6,#74AEC6
19,18,219,#74AEC6,#74AEC6
20,18,219,#74AEC6,#74AEC6
21,18,219,#74AEC6,#74AEC6
22,18,219,#74AEC6,#74AEC6
23,18,219,#74AEC6,#74AEC6
24,18,219,#74AEC6,#74AEC6
25,18,95,#CCB690,#E3D88F
26,18,124,#CCB690,#E3D88F
27,18,95,#CCB690,#E3D88F
28,18,124,#CCB690,#E3D88F
29,18,95,#CCB690,#E3D88F
30,18,124,#CCB690,#E3D88F
31,18,95,#CCB690,#E3D88F
32,18,124,#CCB690,#E3D88F
33,18,95,#CCB690,#E3D88F
34,18,124,#CCB690,#E3D88F
35,18,95,#CCB690,#E3D88F
36,18,124,#CCB690,#E3D88F
37,18,95,#CCB690,#E3D88F
38,18,124,#CCB690,#E3D88F
39,18,95,#CCB690,#E3D88F
40,18,124,#CCB690,#E3D88F
41,18,95,#CCB690,#E3D88F
42,18,124,#CCB690,#E3D88F
43,18,95,#CCB690,#E3D88F
44,18,124,#CCB690,#E3D88F
45,18,95,#CCB690,#E3D88F
46,18,124,#CCB690,#E3D88F
47,18,95,#CCB690,#E3D88F
48,18,124,#CCB690,#E3D88F
49,18,95,#CCB690,#E3D88F
50,18,124,#CCB690,#E3D88F
51,18,95,#CCB690,#E3D88F
52,18,124,#CCB690,#E3D88F
53,18,95,#CCB690,#E3D88F
54,18,124,#CCB690,#E3D88F
55,18,219,#74AEC6,#74AEC6
56,18,219,#74AEC6,#74AEC6
57,18,219,#74AEC6,#74AEC6
58,18,219,#74AEC6,#74AEC6
59,18,219,#74AEC6,#74AEC6
60,18,219,#74AEC6,#74AEC6
61,18,219,#74AEC6,#74AEC6
62,18,219,#74AEC6,#74AEC6
63,18,219,#74AEC6,#74AEC6
64,18,219,#74AEC6,#333333
65,18,219,#74AEC6,#333333
66,18,219,#74AEC6,#333333
67,18,219,#74AEC6,#333333
68,18,219,#74AEC6,#333333
69,18,219,#74AEC6,#333333
70,18,219,#74AEC6,#333333
71,18,219,#74AEC6,#333333
72,18,219,#74AEC6,#333333
73,18,219,#74AEC6,#333333
74,18,219,#74AEC6,#333333
75,18,219,#74AEC6,#333333
76,18,219,#74AEC6,#333333
77,18,219,#74AEC6,#333333
78,18,219,#74AEC6,#333333
1,19,219,#74AEC6,#74AEC6
2,19,219,#74AEC6,#74AEC6
3,19,219,#74AEC6,#74AEC6
4,19,219,#74AEC6,#74AEC6
5,19,219,#74AEC6,#333333
6,19,219,#74AEC6,#333333
7,19,219,#74AEC6,#333333
8,19,219,#74AEC6,#333333
9,19,219,#74AEC6,#333333
10,19,219,#74AEC6,#333333
11,19,219,#74AEC6,#333333
12,19,219,#74AEC6,#333333
13,19,219,#74AEC6,#333333
14,19,219,#74AEC6,#333333
15,19,219,#74AEC6,#74AEC6
16,19,219,#74AEC6,#74AEC6
17,19,219,#74AEC6,#74AEC6
18,19,219,#74AEC6,#74AEC6
19,19,219,#74AEC6,#74AEC6
20,19,219,#74AEC6,#74AEC6
21,19,219,#74AEC6,#74AEC6
22,19,219,#74AEC6,#74AEC6
23,19,124,#CCB690,#E3D88F
24,19,95,#CCB690,#E3D88F
25,19,124,#CCB690,#E3D88F
26,19,95,#CCB690,#E3D88F
27,19,124,#CCB690,#E3D88F
28,19,95,#CCB690,#E3D88F
29,19,124,#CCB690,#E3D88F
30,19,95,#CCB690,#E3D88F
31,19,124,#CCB690,#E3D88F
32,19,95,#CCB690,#E3D88F
33,19,124,#CCB690,#E3D88F
34,19,95,#CCB690,#E3D88F
35,19,124,#CCB690,#E3D88F
36,19,95,#CCB690,#E3D88F
37,19,124,#CCB690,#E3D88F
38,19,95,#CCB690,#E3D88F
39,19,124,#CCB690,#E3D88F
40,19,95,#CCB690,#E3D88F
41,19,124,#CCB690,#E3D88F
42,19,95,#CCB690,#E3D88F
43,19,124,#CCB690,#E3D88F
44,19,95,#CCB690,#E3D88F
45,19,124,#CCB690,#E3D88F
46,19,95,#CCB690,#E3D88F
47,19,124,#CCB690,#E3D88F
48,19,95,#CCB690,#E3D88F
49,19,124,#CCB690,#E3D88F
50,19,95,#CCB690,#E3D88F
51,19,124,#CCB690,#E3D88F
52,19,95,#CCB690,#E3D88F
53,19,124,#CCB690,#E3D88F
54,19,95,#CCB690,#E3D88F
55,19,124,#CCB690,#E3D88F
56,19,95,#CCB690,#E3D88F
57,19,219,#74AEC6,#333333
58,19,219,#74AEC6,#74AEC6
59,19,219,#74AEC6,#74AEC6
60,19,219,#74AEC6,#74AEC6
61,19,219,#74AEC6,#74AEC6
62,19,219,#74AEC6,#74AEC6
63,19,219,#74AEC6,#74AEC6
64,19,219,#74AEC6,#333333
65,19,219,#74AEC6,#333333
66,19,219,#74AEC6,#333333
67,19,219,#74AEC6,#333333
68,19,219,#74AEC6,#333333
69,19,219,#74AEC6,#333333
70,19,219,#74AEC6,#333333
71,19,219,#74AEC6,#333333
72,19,219,#74AEC6,#333333
73,19,219,#74AEC6,#333333
74,19,219,#74AEC6,#333333
75,19,219,#74AEC6,#333333
76,19,219,#74AEC6,#333333
77,19,219,#74AEC6,#333333
78,19,219,#74AEC6,#333333
1,20,219,#74AEC6,#74AEC6
2,20,219,#74AEC6,#74AEC6
3,20,219,#74AEC6,#74AEC6
4,20,219,#74AEC6,#74AEC6
5,20,219,#74AEC6,#333333
6,20,219,#74AEC6,#333333
7,20,219,#74AEC6,#333333
8,20,219,#74AEC6,#333333
9,20,219,#74AEC6,#333333
10,20,219,#74AEC6,#74AEC6
11,20,219,#74AEC6,#333333
12,20,219,#74AEC6,#333333
13,20,219,#74AEC6,#333333
14,20,219,#74AEC6,#333333
15,20,219,#74AEC6,#74AEC6
16,20,219,#74AEC6,#74AEC6
17,20,219,#74AEC6,#74AEC6
18,20,219,#74AEC6,#74AEC6
19,20,219,#74AEC6,#74AEC6
20,20,219,#74AEC6,#74AEC6
21,20,219,#74AEC6,#74AEC6
22,20,219,#74AEC6,#74AEC6
23,20,95,#CCB690,#E3D88F
24,20,124,#CCB690,#E3D88F
25,20,95,#CCB690,#E3D88F
26,20,124,#CCB690,#E3D88F
27,20,95,#CCB690,#E3D88F
28,20,124,#CCB690,#E3D88F
29,20,95,#CCB690,#E3D88F
30,20,124,#CCB690,#E3D88F
31,20,95,#CCB690,#E3D88F
32,20,124,#CCB690,#E3D88F
33,20,95,#CCB690,#E3D88F
34,20,124,#CCB690,#E3D88F
35,20,95,#CCB690,#E3D88F
36,20,124,#CCB690,#E3D88F
37,20,95,#CCB690,#E3D88F
38,20,124,#CCB690,#E3D88F
39,20,95,#CCB690,#E3D88F
40,20,124,#CCB690,#E3D88F
41,20,95,#CCB690,#E3D88F
42,20,124,#CCB690,#E3D88F
43,20,95,#CCB690,#E3D88F
44,20,124,#CCB690,#E3D88F
45,20,95,#CCB690,#E3D88F
46,20,124,#CCB690,#E3D88F
47,20,95,#CCB690,#E3D88F
48,20,124,#CCB690,#E3D88F
49,20,95,#CCB690,#E3D88F
50,20,124,#CCB690,#E3D88F
51,20,95,#CCB690,#E3D88F
52,20,124,#CCB690,#E3D88F
53,20,95,#CCB690,#E3D88F
54,20,124,#CCB690,#E3D88F
55,20,95,#CCB690,#E3D88F
56,20,124,#CCB690,#E3D88F
57,20,219,#74AEC6,#333333
58,20,219,#74AEC6,#74AEC6
59,20,219,#74AEC6,#74AEC6
60,20,219,#74AEC6,#74AEC6
61,20,219,#74AEC6,#74AEC6
62,20,219,#74AEC6,#74AEC6
63,20,219,#74AEC6,#74AEC6
64,20,219,#74AEC6,#333333
65,20,219,#74AEC6,#333333
66,20,219,#74AEC6,#333333
67,20,219,#74AEC6,#333333
68,20,219,#74AEC6,#333333
69,20,219,#74AEC6,#333333
70,20,219,#74AEC6,#333333
71,20,219,#74AEC6,#333333
72,20,219,#74AEC6,#333333
73,20,219,#74AEC6,#333333
74,20,219,#74AEC6,#333333
75,20,219,#74AEC6,#333333
76,20,219,#74AEC6,#333333
77,20,219,#74AEC6,#333333
78,20,219,#74AEC6,#333333
1,21,219,#74AEC6,#74AEC6
2,21,219,#74AEC6,#74AEC6
3,21,219,#74AEC6,#333333
4,21,219,#74AEC6,#333333
5,21,219,#74AEC6,#333333
6,21,219,#74AEC6,#333333
7,21,219,#74AEC6,#333333
8,21,219,#74AEC6,#333333
9,21,219,#74AEC6,#333333
10,21,219,#74AEC6,#333333
11,21,219,#74AEC6,#333333
12,21,219,#74AEC6,#333333
13,21,219,#74AEC6,#333333
14,21,219,#74AEC6,#333333
15,21,219,#74AEC6,#74AEC6
16,21,219,#74AEC6,#74AEC6
17,21,219,#74AEC6,#74AEC6
18,21,219,#74AEC6,#74AEC6
19,21,219,#74AEC6,#74AEC6
20,21,219,#74AEC6,#74AEC6
21,21,124,#CCB690,#E3D88F
22,21,95,#CCB690,#E3D88F
23,21,124,#CCB690,#E3D88F
24,21,95,#CCB690,#E3D88F
25,21,124,#CCB690,#E3D88F
26,21,95,#CCB690,#E3D88F
27,21,124,#CCB690,#E3D88F
28,21,95,#CCB690,#E3D88F
29,21,124,#CCB690,#E3D88F
30,21,95,#CCB690,#E3D88F
31,21,124,#CCB690,#E3D88F
32,21,95,#CCB690,#E3D88F
33,21,124,#CCB690,#E3D88F
34,21,95,#CCB690,#E3D88F
35,21,124,#CCB690,#E3D88F
36,21,95,#CCB690,#E3D88F
37,21,124,#CCB690,#E3D88F
38,21,95,#CCB690,#E3D88F
39,21,124,#CCB690,#E3D88F
40,21,95,#CCB690,#E3D88F
41,21,124,#CCB690,#E3D88F
42,21,95,#CCB690,#E3D88F
43,21,124,#CCB690,#E3D88F
44,21,95,#CCB690,#E3D88F
45,21,124,#CCB690,#E3D88F
46,21,95,#CCB690,#E3D88F
47,21,124,#CCB690,#E3D88F
48,21,95,#CCB690,#E3D88F
49,21,124,#CCB690,#E3D88F
50,21,95,#CCB690,#E3D88F
51,21,124,#CCB690,#E3D88F
52,21,95,#CCB690,#E3D88F
53,21,124,#CCB690,#E3D88F
54,21,95,#CCB690,#E3D88F
55,21,124,#CCB690,#E3D88F
56,21,95,#CCB690,#E3D88F
57,21,124,#CCB690,#E3D88F
58,21,95,#CCB690,#E3D88F
59,21,219,#74AEC6,#74AEC6
60,21,219,#74AEC6,#74AEC6
61,21,219,#74AEC6,#74AEC6
62,21,219,#74AEC6,#74AEC6
63,21,219,#74AEC6,#74AEC6
64,21,219,#74AEC6,#333333
65,21,219,#74AEC6,#333333
66,21,219,#74AEC6,#333333
67,21,219,#74AEC6,#333333
68,21,219,#74AEC6,#333333
69,21,219,#74AEC6,#333333
70,21,219,#74AEC6,#333333
71,21,219,#74AEC6,#333333
72,21,219,#74AEC6,#333333
73,21,219,#74AEC6,#333333
74,21,219,#74AEC6,#333333
75,21,219,#74AEC6,#333333
76,21,219,#74AEC6,#333333
77,21,219,#74AEC6,#333333
78,21,219,#74AEC6,#333333
1,22,219,#74AEC6,#74AEC6
2,22,219,#74AEC6,#74AEC6
3,22,219,#74AEC6,#333333
4,22,219,#74AEC6,#333333
5,22,219,#74AEC6,#333333
6,22,219,#74AEC6,#333333
7,22,219,#74AEC6,#333333
8,22,219,#74AEC6,#333333
9,22,219,#74AEC6,#333333
10,22,219,#74AEC6,#333333
11,22,219,#74AEC6,#333333
12,22,219,#74AEC6,#333333
13,22,219,#74AEC6,#333333
14,22,219,#74AEC6,#333333
15,22,219,#74AEC6,#74AEC6
16,22,219,#74AEC6,#74AEC6
17,22,219,#74AEC6,#74AEC6
18,22,219,#74AEC6,#74AEC6
19,22,219,#74AEC6,#74AEC6
20,22,219,#74AEC6,#74AEC6
21,22,95,#CCB690,#E3D88F
22,22,124,#CCB690,#E3D88F
23,22,95,#CCB690,#E3D88F
24,22,124,#CCB690,#E3D88F
25,22,95,#CCB690,#E3D88F
26,22,124,#CCB690,#E3D88F
27,22,95,#CCB690,#E3D88F
28,22,124,#CCB690,#E3D88F
29,22,95,#CCB690,#E3D88F
30,22,124,#CCB690,#E3D88F
31,22,95,#CCB690,#E3D88F
32,22,124,#CCB690,#E3D88F
33,22,95,#CCB690,#E3D88F
34,22,124,#CCB690,#E3D88F
35,22,95,#CCB690,#E3D88F
36,22,232,#287051,#F4FAAF
37,22,95,#3A383C,#3A383C
38,22,95,#3A383C,#3A383C
39,22,232,#287051,#F4FAAF
40,22,232,#287051,#F4FAAF
41,22,95,#3A383C,#3A383C
42,22,95,#3A383C,#3A383C
43,22,232,#287051,#F4FAAF
44,22,124,#CCB690,#E3D88F
45,22,95,#CCB690,#E3D88F
46,22,124,#CCB690,#E3D88F
47,22,95,#CCB690,#E3D88F
48,22,124,#CCB690,#E3D88F
49,22,95,#CCB690,#E3D88F
50,22,124,#CCB690,#E3D88F
51,22,95,#CCB690,#E3D88F
52,22,124,#CCB690,#E3D88F
53,22,95,#CCB690,#E3D88F
54,22,124,#CCB690,#E3D88F
55,22,95,#CCB690,#E3D88F
56,22,124,#CCB690,#E3D88F
57,22,95,#CCB690,#E3D88F
58,22,124,#CCB690,#E3D88F
59,22,219,#74AEC6,#74AEC6
60,22,219,#74AEC6,#74AEC6
61,22,219,#74AEC6,#74AEC6
62,22,219,#74AEC6,#74AEC6
63,22,219,#74AEC6,#74AEC6
64,22,219,#74AEC6,#333333
65,22,219,#74AEC6,#333333
66,22,219,#74AEC6,#333333
67,22,219,#74AEC6,#333333
68,22,219,#74AEC6,#333333
69,22,219,#74AEC6,#333333
70,22,219,#74AEC6,#333333
71,22,219,#74AEC6,#333333
72,22,219,#74AEC6,#333333
73,22,219,#74AEC6,#333333
74,22,219,#74AEC6,#333333
75,22,219,#74AEC6,#333333
76,22,219,#74AEC6,#333333
77,22,219,#74AEC6,#333333
78,22,219,#74AEC6,#333333
1,23,219,#74AEC6,#74AEC6
2,23,219,#74AEC6,#333333
3,23,219,#74AEC6,#333333
4,23,219,#74AEC6,#333333
5,23,219,#74AEC6,#333333
6,23,219,#74AEC6,#333333
7,23,219,#74AEC6,#333333
8,23,219,#74AEC6,#333333
9,23,219,#74AEC6,#333333
10,23,219,#74AEC6,#333333
11,23,219,#74AEC6,#333333
12,23,219,#74AEC6,#333333
13,23,219,#74AEC6,#333333
14,23,219,#74AEC6,#333333
15,23,219,#74AEC6,#74AEC6
16,23,219,#74AEC6,#74AEC6
17,23,219,#74AEC6,#74AEC6
18,23,219,#74AEC6,#74AEC6
19,23,124,#CCB690,#E3D88F
20,23,95,#CCB690,#E3D88F
21,23,124,#CCB690,#E3D88F
22,23,95,#CCB690,#E3D88F
23,23,124,#CCB690,#E3D88F
24,23,95,#CCB690,#E3D88F
25,23,124,#CCB690,#E3D88F
26,23,95,#CCB690,#E3D88F
27,23,124,#CCB690,#E3D88F
28,23,95,#CCB690,#E3D88F
29,23,124,#CCB690,#E3D88F
30,23,95,#CCB690,#E3D88F
31,23,124,#CCB690,#E3D88F
32,23,95,#CCB690,#E3D88F
33,23,124,#CCB690,#E3D88F
34,23,95,#CCB690,#E3D88F
35,23,124,#CCB690,#E3D88F
36,23,232,#287051,#F4FAAF
37,23,95,#3A383C,#3A383C
38,23,95,#3A383C,#3A383C
39,23,232,#287051,#F4FAAF
40,23,232,#287051,#F4FAAF
41,23,95,#3A383C,#3A383C
42,23,95,#3A383C,#3A383C
43,23,232,#287051,#F4FAAF
44,23,95,#CCB690,#E3D88F
45,23,124,#CCB690,#E3D88F
46,23,95,#CCB690,#E3D88F
47,23,124,#CCB690,#E3D88F
48,23,95,#CCB690,#E3D88F
49,23,124,#CCB690,#E3D88F
50,23,95,#CCB690,#E3D88F
51,23,124,#CCB690,#E3D88F
52,23,95,#CCB690,#E3D88F
53,23,124,#CCB690,#E3D88F
54,23,95,#CCB690,#E3D88F
55,23,124,#CCB690,#E3D88F
56,23,95,#CCB690,#E3D88F
57,23,124,#CCB690,#E3D88F
58,23,95,#CCB690,#E3D88F
59,23,124,#CCB690,#E3D88F
60,23,95,#CCB690,#E3D88F
61,23,219,#74AEC6,#74AEC6
62,23,219,#74AEC6,#74AEC6
63,23,219,#74AEC6,#74AEC6
64,23,219,#74AEC6,#333333
65,23,219,#74AEC6,#333333
66,23,219,#74AEC6,#333333
67,23,219,#74AEC6,#333333
68,23,219,#74AEC6,#333333
69,23,219,#74AEC6,#333333
70,23,219,#74AEC6,#333333
71,23,219,#74AEC6,#333333
72,23,219,#74AEC6,#333333
73,23,219,#74AEC6,#333333
74,23,219,#74AEC6,#333333
75,23,219,#74AEC6,#333333
76,23,219,#74AEC6,#333333
77,23,219,#74AEC6,#333333
78,23,219,#74AEC6,#333333
1,24,219,#74AEC6,#333333
2,24,219,#74AEC6,#333333
3,24,219,#74AEC6,#333333
4,24,219,#74AEC6,#333333
5,24,219,#74AEC6,#333333
6,24,219,#74AEC6,#333333
7,24,219,#74AEC6,#333333
8,24,219,#74AEC6,#333333
9,24,219,#74AEC6,#333333
10,24,219,#74AEC6,#333333
11,24,219,#74AEC6,#333333
12,24,219,#74AEC6,#333333
13,24,219,#74AEC6,#333333
14,24,219,#74AEC6,#333333
15,24,219,#74AEC6,#74AEC6
16,24,219,#74AEC6,#333333
17,24,219,#74AEC6,#74AEC6
18,24,219,#74AEC6,#74AEC6
19,24,95,#CCB690,#E3D88F
20,24,124,#CCB690,#E3D88F
21,24,95,#CCB690,#E3D88F
22,24,124,#CCB690,#E3D88F
23,24,95,#CCB690,#E3D88F
24,24,124,#CCB690,#E3D88F
25,24,95,#CCB690,#E3D88F
26,24,124,#CCB690,#E3D88F
27,24,95,#CCB690,#E3D88F
28,24,124,#CCB690,#E3D88F
29,24,95,#CCB690,#E3D88F
30,24,124,#CCB690,#E3D88F
31,24,95,#CCB690,#E3D88F
32,24,124,#CCB690,#E3D88F
33,24,95,#CCB690,#E3D88F
34,24,124,#CCB690,#E3D88F
35,24,95,#CCB690,#E3D88F
36,24,232,#287051,#F4FAAF
37,24,95,#3A383C,#3A383C
38,24,95,#3A383C,#3A383C
39,24,232,#287051,#F4FAAF
40,24,232,#287051,#F4FAAF
41,24,95,#3A383C,#3A383C
42,24,95,#3A383C,#3A383C
43,24,232,#287051,#F4FAAF
44,24,124,#CCB690,#E3D88F
45,24,95,#CCB690,#E3D88F
46,24,124,#CCB690,#E3D88F
47,24,95,#CCB690,#E3D88F
48,24,124,#CCB690,#E3D88F
49,24,95,#CCB690,#E3D88F
50,24,124,#CCB690,#E3D88F
51,24,95,#CCB690,#E3D88F
52,24,124,#CCB690,#E3D88F
53,24,95,#CCB690,#E3D88F
54,24,124,#CCB690,#E3D88F
55,24,95,#CCB690,#E3D88F
56,24,124,#CCB690,#E3D88F
57,24,95,#CCB690,#E3D88F
58,24,124,#CCB690,#E3D88F
59,24,95,#CCB690,#E3D88F
60,24,124,#CCB690,#E3D88F
61,24,219,#74AEC6,#74AEC6
62,24,219,#74AEC6,#74AEC6
63,24,219,#74AEC6,#74AEC6
64,24,219,#74AEC6,#333333
65,24,219,#74AEC6,#333333
66,24,219,#74AEC6,#333333
67,24,219,#74AEC6,#333333
68,24,219,#74AEC6,#333333
69,24,219,#74AEC6,#333333
70,24,219,#74AEC6,#333333
71,24,219,#74AEC6,#333333
72,24,219,#74AEC6,#333333
73,24,219,#74AEC6,#333333
74,24,219,#74AEC6,#333333
75,24,219,#74AEC6,#333333
76,24,219,#74AEC6,#333333
77,24,219,#74AEC6,#333333
78,24,219,#74AEC6,#333333
1,25,219,#74AEC6,#333333
2,25,219,#74AEC6,#333333
3,25,219,#74AEC6,#333333
4,25,219,#74AEC6,#333333
5,25,219,#74AEC6,#333333
6,25,219,#74AEC6,#333333
7,25,219,#74AEC6,#333333
8,25,219,#74AEC6,#333333
9,25,219,#74AEC6,#333333
10,25,219,#74AEC6,#333333
11,25,219,#74AEC6,#333333
12,25,219,#74AEC6,#333333
13,25,219,#74AEC6,#333333
14,25,219,#74AEC6,#333333
15,25,219,#74AEC6,#333333
16,25,219,#74AEC6,#333333
17,25,124,#CCB690,#E3D88F
18,25,95,#CCB690,#E3D88F
19,25,124,#CCB690,#E3D88F
20,25,95,#CCB690,#E3D88F
21,25,124,#CCB690,#E3D88F
22,25,95,#CCB690,#E3D88F
23,25,124,#CCB690,#E3D88F
24,25,95,#CCB690,#E3D88F
25,25,124,#CCB690,#E3D88F
26,25,95,#CCB690,#E3D88F
27,25,124,#CCB690,#E3D88F
28,25,95,#CCB690,#E3D88F
29,25,124,#CCB690,#E3D88F
30,25,95,#CCB690,#E3D88F
31,25,124,#CCB690,#E3D88F
32,25,95,#CCB690,#E3D88F
33,25,124,#CCB690,#E3D88F
34,25,95,#CCB690,#E3D88F
35,25,124,#CCB690,#E3D88F
36,25,232,#287051,#F4FAAF
37,25,95,#3A383C,#3A383C
38,25,95,#3A383C,#3A383C
39,25,232,#287051,#F4FAAF
40,25,232,#287051,#F4FAAF
41,25,95,#3A383C,#3A383C
42,25,95,#3A383C,#3A383C
43,25,232,#287051,#F4FAAF
44,25,95,#CCB690,#E3D88F
45,25,124,#CCB690,#E3D88F
46,25,95,#CCB690,#E3D88F
47,25,124,#CCB690,#E3D88F
48,25,95,#CCB690,#E3D88F
49,25,124,#CCB690,#E3D88F
50,25,95,#CCB690,#E3D88F
51,25,124,#CCB690,#E3D88F
52,25,95,#CCB690,#E3D88F
53,25,124,#CCB690,#E3D88F
54,25,95,#CCB690,#E3D88F
55,25,124,#CCB690,#E3D88F
56,25,95,#CCB690,#E3D88F
57,25,124,#CCB690,#E3D88F
58,25,95,#CCB690,#E3D88F
59,25,124,#CCB690,#E3D88F
60,25,95,#CCB690,#E3D88F
61,25,124,#CCB690,#E3D88F
62,25,95,#CCB690,#E3D88F
63,25,219,#74AEC6,#333333
64,25,219,#74AEC6,#333333
65,25,219,#74AEC6,#333333
66,25,219,#74AEC6,#333333
67,25,219,#74AEC6,#333333
68,25,219,#74AEC6,#333333
69,25,219,#74AEC6,#333333
70,25,219,#74AEC6,#333333
71,25,219,#74AEC6,#333333
72,25,219,#74AEC6,#333333
73,25,219,#74AEC6,#333333
74,25,219,#74AEC6,#333333
75,25,219,#74AEC6,#333333
76,25,219,#74AEC6,#333333
77,25,219,#74AEC6,#333333
78,25,219,#74AEC6,#333333
1,26,219,#F4FAAF,#E3D88F
2,26,219,#F4FAAF,#E3D88F
3,26,219,#F4FAAF,#E3D88F
4,26,219,#F4FAAF,#E3D88F
5,26,219,#F4FAAF,#E3D88F
6,26,219,#F4FAAF,#E3D88F
7,26,219,#F4FAAF,#E3D88F
8,26,219,#F4FAAF,#E3D88F
9,26,219,#F4FAAF,#E3D88F
10,26,219,#F4FAAF,#E3D88F
11,26,219,#F4FAAF,#E3D88F
12,26,219,#F4FAAF,#E3D88F
13,26,219,#F4FAAF,#E3D88F
14,26,219,#F4FAAF,#E3D88F
15,26,219,#F4FAAF,#E3D88F
16,26,219,#F4FAAF,#E3D88F
17,26,95,#CCB690,#E3D88F
18,26,124,#CCB690,#E3D88F
19,26,95,#CCB690,#E3D88F
20,26,124,#CCB690,#E3D88F
21,26,95,#CCB690,#E3D88F
22,26,124,#CCB690,#E3D88F
23,26,95,#CCB690,#E3D88F
24,26,124,#CCB690,#E3D88F
25,26,95,#CCB690,#E3D88F
26,26,124,#CCB690,#E3D88F
27,26,95,#CCB690,#E3D88F
28,26,124,#CCB690,#E3D88F
29,26,95,#CCB690,#E3D88F
30,26,124,#CCB690,#E3D88F
31,26,95,#CCB690,#E3D88F
32,26,124,#CCB690,#E3D88F
33,26,95,#CCB690,#E3D88F
34,26,124,#CCB690,#E3D88F
35,26,95,#CCB690,#E3D88F
36,26,232,#287051,#F4FAAF
37,26,95,#3A383C,#3A383C
38,26,95,#3A383C,#3A383C
39,26,232,#287051,#F4FAAF
40,26,232,#287051,#F4FAAF
41,26,95,#3A383C,#3A383C
42,26,95,#3A383C,#3A383C
43,26,232,#287051,#F4FAAF
44,26,124,#CCB690,#E3D88F
45,26,95,#CCB690,#E3D88F
46,26,124,#CCB690,#E3D88F
47,26,95,#CCB690,#E3D88F
48,26,124,#CCB690,#E3D88F
49,26,95,#CCB690,#E3D88F
50,26,124,#CCB690,#E3D88F
51,26,95,#CCB690,#E3D88F
52,26,124,#CCB690,#E3D88F
53,26,95,#CCB690,#E3D88F
54,26,124,#CCB690,#E3D88F
55,26,95,#CCB690,#E3D88F
56,26,124,#CCB690,#E3D88F
57,26,95,#CCB690,#E3D88F
58,26,124,#CCB690,#E3D88F
59,26,95,#CCB690,#E3D88F
60,26,124,#CCB690,#E3D88F
61,26,95,#CCB690,#E3D88F
62,26,124,#CCB690,#E3D88F
63,26,219,#F4FAAF,#E3D88F
64,26,219,#F4FAAF,#E3D88F
65,26,219,#F4FAAF,#E3D88F
66,26,219,#F4FAAF,#E3D88F
67,26,219,#F4FAAF,#E3D88F
68,26,219,#F4FAAF,#E3D88F
69,26,219,#F4FAAF,#E3D88F
70,26,219,#F4FAAF,#E3D88F
71,26,219,#F4FAAF,#E3D88F
72,26,219,#F4FAAF,#E3D88F
73,26,219,#F4FAAF,#E3D88F
74,26,219,#F4FAAF,#E3D88F
75,26,219,#F4FAAF,#E3D88F
76,26,219,#F4FAAF,#E3D88F
77,26,219,#F4FAAF,#E3D88F
78,26,219,#F4FAAF,#333333
1,27,219,#F4FAAF,#E3D88F
2,27,219,#F4FAAF,#E3D88F
3,27,219,#F4FAAF,#E3D88F
4,27,219,#F4FAAF,#E3D88F
5,27,219,#F4FAAF,#E3D88F
6,27,219,#F4FAAF,#E3D88F
7,27,219,#F4FAAF,#E3D88F
8,27,219,#F4FAAF,#E3D88F
9,27,219,#F4FAAF,#E3D88F
10,27,219,#F4FAAF,#E3D88F
11,27,219,#F4FAAF,#E3D88F
12,27,219,#F4FAAF,#E3D88F
13,27,219,#F4FAAF,#E3D88F
14,27,219,#F4FAAF,#E3D88F
15,27,219,#F4FAAF,#E3D88F
16,27,219,#F4FAAF,#E3D88F
17,27,219,#F4FAAF,#E3D88F
18,27,219,#F4FAAF,#E3D88F
19,27,219,#F4FAAF,#E3D88F
20,27,219,#F4FAAF,#E3D88F
21,27,219,#F4FAAF,#E3D88F
22,27,219,#F4FAAF,#E3D88F
23,27,219,#F4FAAF,#E3D88F
24,27,219,#F4FAAF,#E3D88F
25,27,219,#F4FAAF,#E3D88F
26,27,219,#F4FAAF,#E3D88F
27,27,219,#F4FAAF,#E3D88F
28,27,219,#F4FAAF,#E3D88F
29,27,219,#F4FAAF,#E3D88F
30,27,219,#F4FAAF,#E3D88F
31,27,219,#F4FAAF,#E3D88F
32,27,219,#F4FAAF,#E3D88F
33,27,219,#F4FAAF,#E3D88F
34,27,219,#F4FAAF,#E3D88F
35,27,47,#61444A,#F4FAAF
36,27,219,#61444A,#F4FAAF
37,27,219,#61444A,#287051
38,27,219,#61444A,#287051
39,27,219,#61444A,#287051
40,27,219,#61444A,#287051
41,27,219,#61444A,#287051
42,27,219,#61444A,#287051
43,27,219,#61444A,#F4FAAF
44,27,92,#61444A,#F4FAAF
45,27,219,#F4FAAF,#E3D88F
46,27,219,#F4FAAF,#E3D88F
47,27,219,#F4FAAF,#E3D88F
48,27,219,#F4FAAF,#E3D88F
49,27,219,#F4FAAF,#E3D88F
50,27,219,#F4FAAF,#E3D88F
51,27,219,#F4FAAF,#E3D88F
52,27,219,#F4FAAF,#E3D88F
53,27,219,#F4FAAF,#E3D88F
54,27,219,#F4FAAF,#E3D88F
55,27,219,#F4FAAF,#E3D88F
56,27,219,#F4FAAF,#E3D88F
57,27,219,#F4FAAF,#E3D88F
58,27,219,#F4FAAF,#E3D88F
59,27,219,#F4FAAF,#E3D88F
60,27,219,#F4FAAF,#E3D88F
61,27,219,#F4FAAF,#E3D88F
62,27,219,#F4FAAF,#E3D88F
63,27,219,#F4FAAF,#E3D88F
64,27,219,#F4FAAF,#E3D88F
65,27,219,#F4FAAF,#E3D88F
66,27,219,#F4FAAF,#E3D88F
67,27,219,#F4FAAF,#E3D88F
68,27,219,#F4FAAF,#E3D88F
69,27,219,#F4FAAF,#E3D88F
70,27,219,#F4FAAF,#E3D88F
71,27,219,#F4FAAF,#E3D88F
72,27,219,#F4FAAF,#E3D88F
73,27,219,#F4FAAF,#E3D88F
74,27,219,#F4FAAF,#E3D88F
75,27,219,#F4FAAF,#E3D88F
76,27,219,#F4FAAF,#E3D88F
77,27,219,#F4FAAF,#E3D88F
78,27,219,#F4FAAF,#333333
1,28,219,#F4FAAF,#E3D88F
2,28,219,#F4FAAF,#E3D88F
3,28,219,#F4FAAF,#E3D88F
4,28,219,#F4FAAF,#E3D88F
5,28,219,#F4FAAF,#E3D88F
6,28,219,#F4FAAF,#E3D88F
7,28,219,#F4FAAF,#E3D88F
8,28,219,#F4FAAF,#E3D88F
9,28,219,#F4FAAF,#E3D88F
10,28,219,#F4FAAF,#E3D88F
11,28,219,#F4FAAF,#E3D88F
12,28,219,#F4FAAF,#E3D88F
13,28,219,#F4FAAF,#E3D88F
14,28,219,#F4FAAF,#E3D88F
15,28,219,#F4FAAF,#E3D88F
16,28,219,#F4FAAF,#E3D88F
17,28,219,#F4FAAF,#E3D88F
18,28,219,#F4FAAF,#E3D88F
19,28,219,#F4FAAF,#E3D88F
20,28,219,#F4FAAF,#E3D88F
21,28,219,#F4FAAF,#E3D88F
22,28,219,#F4FAAF,#E3D88F
23,28,219,#F4FAAF,#E3D88F
24,28,219,#F4FAAF,#E3D88F
25,28,219,#F4FAAF,#E3D88F
26,28,219,#F4FAAF,#E3D88F
27,28,219,#F4FAAF,#E3D88F
28,28,219,#F4FAAF,#E3D88F
29,28,219,#F4FAAF,#E3D88F
30,28,219,#F4FAAF,#E3D88F
31,28,219,#F4FAAF,#E3D88F
32,28,219,#F4FAAF,#E3D88F
33,28,219,#F4FAAF,#E3D88F
34,28,47,#61444A,#F4FAAF
35,28,220,#61444A,#F4FAAF
36,28,220,#61444A,#F4FAAF
37,28,220,#61444A,#F4FAAF
38,28,220,#61444A,#F4FAAF
39,28,220,#61444A,#F4FAAF
40,28,220,#61444A,#F4FAAF
41,28,220,#61444A,#F4FAAF
42,28,220,#61444A,#F4FAAF
43,28,220,#61444A,#F4FAAF
44,28,220,#61444A,#F4FAAF
45,28,92,#61444A,#F4FAAF
46,28,219,#F4FAAF,#E3D88F
47,28,219,#F4FAAF,#E3D88F
48,28,219,#F4FAAF,#E3D88F
49,28,219,#F4FAAF,#E3D88F
50,28,219,#F4FAAF,#E3D88F
51,28,219,#F4FAAF,#E3D88F
52,28,219,#F4FAAF,#E3D88F
53,28,219,#F4FAAF,#E3D88F
54,28,219,#F4FAAF,#E3D88F
55,28,219,#F4FAAF,#E3D88F
56,28,219,#F4FAAF,#E3D88F
57,28,219,#F4FAAF,#E3D88F
58,28,219,#F4FAAF,#E3D88F
59,28,219,#F4FAAF,#E3D88F
60,28,219,#F4FAAF,#E3D88F
61,28,219,#F4FAAF,#E3D88F
62,28,219,#F4FAAF,#E3D88F
63,28,219,#F4FAAF,#E3D88F
64,28,219,#F4FAAF,#E3D88F
65,28,219,#F4FAAF,#E3D88F
66,28,219,#F4FAAF,#E3D88F
67,28,219,#F4FAAF,#E3D88F
68,28,219,#F4FAAF,#E3D88F
69,28,219,#F4FAAF,#E3D88F
70,28,219,#F4FAAF,#E3D88F
71,28,219,#F4FAAF,#E3D88F
72,28,219,#F4FAAF,#E3D88F
73,28,219,#F4FAAF,#E3D88F
74,28,219,#F4FAAF,#E3D88F
75,28,219,#F4FAAF,#E3D88F
76,28,219,#F4FAAF,#E3D88F
77,28,219,#F4FAAF,#E3D88F
78,28,219,#F4FAAF,#333333
1,29,219,#F4FAAF,#E3D88F
2,29,219,#F4FAAF,#E3D88F
3,29,219,#F4FAAF,#E3D88F
4,29,219,#F4FAAF,#E3D88F
5,29,219,#F4FAAF,#E3D88F
6,29,219,#F4FAAF,#E3D88F
7,29,219,#F4FAAF,#E3D88F
8,29,219,#F4FAAF,#E3D88F
9,29,219,#F4FAAF,#E3D88F
10,29,219,#F4FAAF,#E3D88F
11,29,219,#F4FAAF,#E3D88F
12,29,219,#F4FAAF,#E3D88F
13,29,219,#F4FAAF,#E3D88F
14,29,219,#F4FAAF,#E3D88F
15,29,219,#F4FAAF,#E3D88F
16,29,219,#F4FAAF,#E3D88F
17,29,219,#F4FAAF,#E3D88F
18,29,219,#F4FAAF,#E3D88F
19,29,219,#F4FAAF,#E3D88F
20,29,219,#F4FAAF,#E3D88F
21,29,219,#F4FAAF,#E3D88F
22,29,219,#F4FAAF,#E3D88F
23,29,219,#F4FAAF,#E3D88F
24,29,219,#F4FAAF,#E3D88F
25,29,219,#F4FAAF,#E3D88F
26,29,219,#F4FAAF,#E3D88F
27,29,219,#F4FAAF,#E3D88F
28,29,219,#F4FAAF,#E3D88F
29,29,219,#F4FAAF,#E3D88F
30,29,219,#F4FAAF,#E3D88F
31,29,219,#F4FAAF,#E3D88F
32,29,219,#E3D88F,#E3D88F
33,29,219,#E3D88F,#E3D88F
34,29,220,#61444A,#F4FAAF
35,29,220,#61444A,#F4FAAF
36,29,220,#61444A,#F4FAAF
37,29,220,#61444A,#F4FAAF
38,29,220,#61444A,#F4FAAF
39,29,220,#61444A,#F4FAAF
40,29,220,#61444A,#F4FAAF
41,29,220,#61444A,#F4FAAF
42,29,220,#61444A,#F4FAAF
43,29,220,#61444A,#F4FAAF
44,29,220,#61444A,#F4FAAF
45,29,220,#61444A,#F4FAAF
46,29,219,#E3D88F,#E3D88F
47,29,219,#E3D88F,#E3D88F
48,29,219,#F4FAAF,#E3D88F
49,29,219,#F4FAAF,#E3D88F
50,29,219,#F4FAAF,#E3D88F
51,29,219,#F4FAAF,#E3D88F
52,29,219,#F4FAAF,#E3D88F
53,29,219,#F4FAAF,#E3D88F
54,29,219,#F4FAAF,#E3D88F
55,29,219,#F4FAAF,#E3D88F
56,29,219,#F4FAAF,#E3D88F
57,29,219,#F4FAAF,#E3D88F
58,29,219,#F4FAAF,#E3D88F
59,29,219,#F4FAAF,#E3D88F
60,29,219,#F4FAAF,#E3D88F
61,29,219,#F4FAAF,#E3D88F
62,29,219,#F4FAAF,#E3D88F
63,29,219,#F4FAAF,#E3D88F
64,29,219,#F4FAAF,#E3D88F
65,29,219,#F4FAAF,#E3D88F
66,29,219,#F4FAAF,#E3D88F
67,29,219,#F4FAAF,#E3D88F
68,29,219,#F4FAAF,#E3D88F
69,29,219,#F4FAAF,#E3D88F
70,29,219,#F4FAAF,#E3D88F
71,29,219,#F4FAAF,#E3D88F
72,29,219,#F4FAAF,#E3D88F
73,29,219,#F4FAAF,#E3D88F
74,29,219,#F4FAAF,#E3D88F
75,29,219,#F4FAAF,#E3D88F
76,29,219,#F4FAAF,#E3D88F
77,29,219,#F4FAAF,#E3D88F
78,29,219,#F4FAAF,#333333
1,30,219,#F4FAAF,#E3D88F
2,30,219,#F4FAAF,#E3D88F
3,30,219,#F4FAAF,#E3D88F
4,30,219,#F4FAAF,#E3D88F
5,30,219,#F4FAAF,#E3D88F
6,30,219,#F4FAAF,#E3D88F
7,30,219,#F4FAAF,#E3D88F
8,30,219,#F4FAAF,#E3D88F
9,30,219,#F4FAAF,#E3D88F
10,30,219,#F4FAAF,#E3D88F
11,30,219,#F4FAAF,#E3D88F
12,30,219,#F4FAAF,#E3D88F
13,30,219,#F4FAAF,#E3D88F
14,30,219,#F4FAAF,#E3D88F
15,30,219,#F4FAAF,#E3D88F
16,30,219,#F4FAAF,#E3D88F
17,30,219,#F4FAAF,#E3D88F
18,30,219,#F4FAAF,#E3D88F
19,30,219,#F4FAAF,#E3D88F
20,30,219,#F4FAAF,#E3D88F
21,30,219,#F4FAAF,#E3D88F
22,30,219,#F4FAAF,#E3D88F
23,30,219,#F4FAAF,#E3D88F
24,30,219,#F4FAAF,#E3D88F
25,30,219,#F4FAAF,#E3D88F
26,30,219,#F4FAAF,#E3D88F
27,30,219,#F4FAAF,#E3D88F
28,30,219,#F4FAAF,#E3D88F
29,30,219,#F4FAAF,#E3D88F
30,30,219,#F4FAAF,#E3D88F
31,30,219,#F4FAAF,#E3D88F
32,30,232,#287051,#CCB690
33,30,232,#287051,#CCB690
34,30,220,#61444A,#F4FAAF
35,30,220,#61444A,#F4FAAF
36,30,220,#61444A,#F4FAAF
37,30,220,#61444A,#F4FAAF
38,30,220,#61444A,#F4FAAF
39,30,220,#61444A,#F4FAAF
40,30,220,#61444A,#F4FAAF
41,30,220,#61444A,#F4FAAF
42,30,220,#61444A,#F4FAAF
43,30,220,#61444A,#F4FAAF
44,30,220,#61444A,#F4FAAF
45,30,220,#61444A,#F4FAAF
46,30,232,#287051,#CCB690
47,30,232,#287051,#CCB690
48,30,219,#F4FAAF,#E3D88F
49,30,219,#F4FAAF,#E3D88F
50,30,219,#F4FAAF,#E3D88F
51,30,219,#F4FAAF,#E3D88F
52,30,219,#F4FAAF,#E3D88F
53,30,219,#F4FAAF,#E3D88F
54,30,219,#F4FAAF,#E3D88F
55,30,219,#F4FAAF,#E3D88F
56,30,219,#F4FAAF,#E3D88F
57,30,219,#F4FAAF,#E3D88F
58,30,219,#F4FAAF,#E3D88F
59,30,219,#F4FAAF,#E3D88F
60,30,219,#F4FAAF,#E3D88F
61,30,219,#F4FAAF,#E3D88F
62,30,219,#F4FAAF,#E3D88F
63,30,219,#F4FAAF,#E3D88F
64,30,219,#F4FAAF,#E3D88F
65,30,219,#F4FAAF,#E3D88F
66,30,219,#F4FAAF,#E3D88F
67,30,219,#F4FAAF,#E3D88F
68,30,219,#F4FAAF,#E3D88F
69,30,219,#F4FAAF,#E3D88F
70,30,219,#F4FAAF,#E3D88F
71,30,219,#F4FAAF,#E3D88F
72,30,219,#F4FAAF,#E3D88F
73,30,219,#F4FAAF,#E3D88F
74,30,219,#F4FAAF,#E3D88F
75,30,219,#F4FAAF,#E3D88F
76,30,219,#F4FAAF,#E3D88F
77,30,219,#F4FAAF,#E3D88F
78,30,219,#F4FAAF,#333333
1,31,219,#F4FAAF,#E3D88F
2,31,219,#F4FAAF,#E3D88F
3,31,219,#F4FAAF,#E3D88F
4,31,219,#F4FAAF,#E3D88F
5,31,219,#F4FAAF,#E3D88F
6,31,219,#F4FAAF,#E3D88F
7,31,219,#F4FAAF,#E3D88F
8,31,219,#F4FAAF,#E3D88F
9,31,219,#F4FAAF,#E3D88F
10,31,219,#F4FAAF,#E3D88F
11,31,219,#F4FAAF,#E3D88F
12,31,219,#F4FAAF,#E3D88F
13,31,219,#F4FAAF,#E3D88F
14,31,219,#F4FAAF,#E3D88F
15,31,219,#F4FAAF,#E3D88F
16,31,219,#F4FAAF,#E3D88F
17,31,219,#F4FAAF,#E3D88F
18,31,219,#F4FAAF,#E3D88F
19,31,219,#F4FAAF,#E3D88F
20,31,219,#F4FAAF,#E3D88F
21,31,219,#F4FAAF,#E3D88F
22,31,219,#F4FAAF,#E3D88F
23,31,219,#F4FAAF,#E3D88F
24,31,219,#F4FAAF,#E3D88F
25,31,219,#F4FAAF,#E3D88F
26,31,219,#F4FAAF,#E3D88F
27,31,219,#F4FAAF,#E3D88F
28,31,219,#F4FAAF,#E3D88F
29,31,219,#F4FAAF,#E3D88F
30,31,219,#F4FAAF,#E3D88F
31,31,219,#F4FAAF,#E3D88F
32,31,232,#287051,#CCB690
33,31,232,#287051,#CCB690
34,31,176,#F4FAAF,#8C7D66
35,31,176,#F4FAAF,#8C7D66
36,31,176,#F4FAAF,#CCB690
37,31,176,#F4FAAF,#8C7D66
38,31,176,#F4FAAF,#8C7D66
39,31,176,#F4FAAF,#CCB690
40,31,176,#F4FAAF,#8C7D66
41,31,176,#F4FAAF,#8C7D66
42,31,176,#F4FAAF,#8C7D66
43,31,176,#F4FAAF,#8C7D66
44,31,176,#F4FAAF,#CCB690
45,31,176,#F4FAAF,#CCB690
46,31,232,#287051,#CCB690
47,31,232,#287051,#CCB690
48,31,219,#F4FAAF,#E3D88F
49,31,219,#F4FAAF,#E3D88F
50,31,219,#F4FAAF,#E3D88F
51,31,219,#F4FAAF,#E3D88F
52,31,219,#F4FAAF,#E3D88F
53,31,219,#F4FAAF,#E3D88F
54,31,219,#F4FAAF,#E3D88F
55,31,219,#F4FAAF,#E3D88F
56,31,219,#F4FAAF,#E3D88F
57,31,219,#F4FAAF,#E3D88F
58,31,219,#F4FAAF,#E3D88F
59,31,219,#F4FAAF,#E3D88F
60,31,219,#F4FAAF,#E3D88F
61,31,219,#F4FAAF,#E3D88F
62,31,219,#F4FAAF,#E3D88F
63,31,219,#F4FAAF,#E3D88F
64,31,219,#F4FAAF,#E3D88F
65,31,219,#F4FAAF,#E3D88F
66,31,219,#F4FAAF,#E3D88F
67,31,219,#F4FAAF,#E3D88F
68,31,219,#F4FAAF,#E3D88F
69,31,219,#F4FAAF,#E3D88F
70,31,219,#F4FAAF,#E3D88F
71,31,219,#F4FAAF,#E3D88F
72,31,219,#F4FAAF,#E3D88F
73,31,219,#F4FAAF,#E3D88F
74,31,219,#F4FAAF,#E3D88F
75,31,219,#F4FAAF,#E3D88F
76,31,219,#F4FAAF,#E3D88F
77,31,219,#F4FAAF,#E3D88F
78,31,219,#F4FAAF,#333333
1,32,219,#F4FAAF,#E3D88F
2,32,219,#F4FAAF,#E3D88F
3,32,219,#F4FAAF,#E3D88F
4,32,219,#F4FAAF,#E3D88F
5,32,219,#F4FAAF,#E3D88F
6,32,219,#F4FAAF,#E3D88F
7,32,219,#F4FAAF,#E3D88F
8,32,219,#F4FAAF,#E3D88F
9,32,219,#F4FAAF,#E3D88F
10,32,219,#F4FAAF,#E3D88F
11,32,219,#F4FAAF,#E3D88F
12,32,219,#F4FAAF,#E3D88F
13,32,219,#F4FAAF,#E3D88F
14,32,219,#F4FAAF,#E3D88F
15,32,219,#F4FAAF,#E3D88F
16,32,219,#F4FAAF,#E3D88F
17,32,219,#F4FAAF,#E3D88F
18,32,219,#F4FAAF,#E3D88F
19,32,219,#F4FAAF,#E3D88F
20,32,219,#F4FAAF,#E3D88F
21,32,219,#F4FAAF,#E3D88F
22,32,219,#F4FAAF,#E3D88F
23,32,219,#F4FAAF,#E3D88F
24,32,219,#F4FAAF,#E3D88F
25,32,219,#F4FAAF,#E3D88F
26,32,219,#F4FAAF,#E3D88F
27,32,219,#F4FAAF,#E3D88F
28,32,219,#F4FAAF,#E3D88F
29,32,219,#F4FAAF,#E3D88F
30,32,219,#F4FAAF,#E3D88F
31,32,219,#F4FAAF,#E3D88F
32,32,232,#287051,#CCB690
33,32,232,#287051,#CCB690
34,32,176,#F4FAAF,#CCB690
35,32,176,#F4FAAF,#CCB690
36,32,176,#F4FAAF,#8C7D66
37,32,176,#F4FAAF,#8C7D66
38,32,176,#F4FAAF,#CCB690
39,32,176,#F4FAAF,#8C7D66
40,32,176,#F4FAAF,#CCB690
41,32,176,#F4FAAF,#CCB690
42,32,176,#F4FAAF,#CCB690
43,32,176,#F4FAAF,#CCB690
44,32,176,#F4FAAF,#8C7D66
45,32,176,#F4FAAF,#8C7D66
46,32,232,#287051,#CCB690
47,32,232,#287051,#CCB690
48,32,219,#F4FAAF,#E3D88F
49,32,219,#F4FAAF,#E3D88F
50,32,219,#F4FAAF,#E3D88F
51,32,219,#F4FAAF,#E3D88F
52,32,219,#F4FAAF,#E3D88F
53,32,219,#F4FAAF,#E3D88F
54,32,219,#F4FAAF,#E3D88F
55,32,219,#F4FAAF,#E3D88F
56,32,219,#F4FAAF,#E3D88F
57,32,219,#F4FAAF,#E3D88F
58,32,219,#F4FAAF,#E3D88F
59,32,219,#F4FAAF,#E3D88F
60,32,219,#F4FAAF,#E3D88F
61,32,219,#F4FAAF,#E3D88F
62,32,219,#F4FAAF,#E3D88F
63,32,219,#F4FAAF,#E3D88F
64,32,219,#F4FAAF,#E3D88F
65,32,219,#F4FAAF,#E3D88F
66,32,219,#F4FAAF,#E3D88F
67,32,219,#F4FAAF,#E3D88F
68,32,219,#F4FAAF,#E3D88F
69,32,219,#F4FAAF,#E3D88F
70,32,219,#F4FAAF,#E3D88F
71,32,219,#F4FAAF,#E3D88F
72,32,219,#F4FAAF,#E3D88F
73,32,219,#F4FAAF,#E3D88F
74,32,219,#F4FAAF,#E3D88F
75,32,219,#F4FAAF,#E3D88F
76,32,219,#F4FAAF,#E3D88F
77,32,219,#F4FAAF,#E3D88F
78,32,219,#F4FAAF,#333333
1,33,219,#F4FAAF,#E3D88F
2,33,219,#F4FAAF,#E3D88F
3,33,219,#F4FAAF,#E3D88F
4,33,219,#F4FAAF,#E3D88F
5,33,219,#F4FAAF,#E3D88F
6,33,219,#F4FAAF,#E3D88F
7,33,219,#F4FAAF,#E3D88F
8,33,219,#F4FAAF,#E3D88F
9,33,219,#F4FAAF,#E3D88F
10,33,219,#F4FAAF,#E3D88F
11,33,219,#F4FAAF,#E3D88F
12,33,219,#F4FAAF,#E3D88F
13,33,219,#F4FAAF,#E3D88F
14,33,219,#F4FAAF,#E3D88F
15,33,219,#F4FAAF,#E3D88F
16,33,219,#F4FAAF,#E3D88F
17,33,219,#F4FAAF,#E3D88F
18,33,219,#F4FAAF,#E3D88F
19,33,219,#F4FAAF,#E3D88F
20,33,219,#F4FAAF,#E3D88F
21,33,219,#F4FAAF,#E3D88F
22,33,219,#F4FAAF,#E3D88F
23,33,219,#F4FAAF,#E3D88F
24,33,219,#F4FAAF,#E3D88F
25,33,219,#F4FAAF,#E3D88F
26,33,219,#F4FAAF,#E3D88F
27,33,219,#F4FAAF,#E3D88F
28,33,219,#F4FAAF,#E3D88F
29,33,219,#F4FAAF,#E3D88F
30,33,219,#F4FAAF,#E3D88F
31,33,219,#F4FAAF,#E3D88F
32,33,219,#F4FAAF,#E3D88F
33,33,219,#F4FAAF,#E3D88F
34,33,176,#F4FAAF,#CCB690
35,33,176,#F4FAAF,#8C7D66
36,33,176,#F4FAAF,#CCB690
37,33,176,#F4FAAF,#CCB690
38,33,176,#F4FAAF,#CCB690
39,33,176,#F4FAAF,#CCB690
40,33,176,#F4FAAF,#CCB690
41,33,176,#F4FAAF,#8C7D66
42,33,176,#F4FAAF,#CCB690
43,33,176,#F4FAAF,#8C7D66
44,33,176,#F4FAAF,#CCB690
45,33,176,#F4FAAF,#CCB690
46,33,219,#F4FAAF,#E3D88F
47,33,219,#F4FAAF,#E3D88F
48,33,219,#F4FAAF,#E3D88F
49,33,219,#F4FAAF,#E3D88F
50,33,219,#F4FAAF,#E3D88F
51,33,219,#F4FAAF,#E3D88F
52,33,219,#F4FAAF,#E3D88F
53,33,219,#F4FAAF,#E3D88F
54,33,219,#F4FAAF,#E3D88F
55,33,219,#F4FAAF,#E3D88F
56,33,219,#F4FAAF,#E3D88F
57,33,219,#F4FAAF,#E3D88F
58,33,219,#F4FAAF,#E3D88F
59,33,219,#F4FAAF,#E3D88F
60,33,219,#F4FAAF,#E3D88F
61,33,219,#F4FAAF,#E3D88F
62,33,219,#F4FAAF,#E3D88F
63,33,219,#F4FAAF,#E3D88F
64,33,219,#F4FAAF,#E3D88F
65,33,219,#F4FAAF,#E3D88F
66,33,219,#F4FAAF,#E3D88F
67,33,219,#F4FAAF,#E3D88F
68,33,219,#F4FAAF,#E3D88F
69,33,219,#F4FAAF,#E3D88F
70,33,219,#F4FAAF,#E3D88F
71,33,219,#F4FAAF,#E3D88F
72,33,219,#F4FAAF,#E3D88F
73,33,219,#F4FAAF,#E3D88F
74,33,219,#F4FAAF,#E3D88F
75,33,219,#F4FAAF,#E3D88F
76,33,219,#F4FAAF,#E3D88F
77,33,219,#F4FAAF,#E3D88F
78,33,219,#F4FAAF,#333333
1,34,219,#F4FAAF,#E3D88F
2,34,219,#F4FAAF,#E3D88F
3,34,219,#F4FAAF,#E3D88F
4,34,219,#F4FAAF,#E3D88F
5,34,219,#F4FAAF,#E3D88F
6,34,219,#F4FAAF,#E3D88F
7,34,219,#F4FAAF,#E3D88F
8,34,219,#F4FAAF,#E3D88F
9,34,219,#F4FAAF,#E3D88F
10,34,219,#F4FAAF,#E3D88F
11,34,219,#F4FAAF,#E3D88F
12,34,219,#F4FAAF,#E3D88F
13,34,219,#F4FAAF,#E3D88F
14,34,219,#F4FAAF,#E3D88F
15,34,219,#F4FAAF,#E3D88F
16,34,219,#F4FAAF,#E3D88F
17,34,219,#F4FAAF,#E3D88F
18,34,219,#F4FAAF,#E3D88F
19,34,219,#F4FAAF,#E3D88F
20,34,219,#F4FAAF,#E3D88F
21,34,219,#F4FAAF,#E3D88F
22,34,219,#F4FAAF,#E3D88F
23,34,219,#F4FAAF,#E3D88F
24,34,219,#F4FAAF,#E3D88F
25,34,219,#F4FAAF,#E3D88F
26,34,219,#F4FAAF,#E3D88F
27,34,219,#F4FAAF,#E3D88F
28,34,219,#F4FAAF,#E3D88F
29,34,219,#F4FAAF,#E3D88F
30,34,219,#F4FAAF,#E3D88F
31,34,219,#F4FAAF,#E3D88F
32,34,219,#F4FAAF,#E3D88F
33,34,219,#F4FAAF,#E3D88F
34,34,176,#F4FAAF,#CCB690
35,34,176,#F4FAAF,#CCB690
36,34,176,#F4FAAF,#CCB690
37,34,176,#F4FAAF,#CCB690
38,34,176,#F4FAAF,#8C7D66
39,34,176,#F4FAAF,#CCB690
40,34,176,#F4FAAF,#CCB690
41,34,176,#F4FAAF,#CCB690
42,34,176,#F4FAAF,#CCB690
43,34,176,#F4FAAF,#CCB690
44,34,176,#F4FAAF,#CCB690
45,34,176,#F4FAAF,#CCB690
46,34,219,#F4FAAF,#E3D88F
47,34,219,#F4FAAF,#E3D88F
48,34,219,#F4FAAF,#E3D88F
49,34,219,#F4FAAF,#E3D88F
50,34,219,#F4FAAF,#E3D88F
51,34,219,#F4FAAF,#E3D88F
52,34,219,#F4FAAF,#E3D88F
53,34,219,#F4FAAF,#E3D88F
54,34,219,#F4FAAF,#E3D88F
55,34,219,#F4FAAF,#E3D88F
56,34,219,#F4FAAF,#E3D88F
57,34,219,#F4FAAF,#E3D88F
58,34,219,#F4FAAF,#E3D88F
59,34,219,#F4FAAF,#E3D88F
60,34,219,#F4FAAF,#E3D88F
61,34,219,#F4FAAF,#E3D88F
62,34,219,#F4FAAF,#E3D88F
63,34,219,#F4FAAF,#E3D88F
64,34,219,#F4FAAF,#E3D88F
65,34,219,#F4FAAF,#E3D88F
66,34,219,#F4FAAF,#E3D88F
67,34,219,#F4FAAF,#E3D88F
68,34,219,#F4FAAF,#E3D88F
69,34,219,#F4FAAF,#E3D88F
70,34,219,#F4FAAF,#E3D88F
71,34,219,#F4FAAF,#E3D88F
72,34,219,#F4FAAF,#E3D88F
73,34,219,#F4FAAF,#E3D88F
74,34,219,#F4FAAF,#E3D88F
75,34,219,#F4FAAF,#E3D88F
76,34,219,#F4FAAF,#E3D88F
77,34,219,#F4FAAF,#E3D88F
78,34,219,#F4FAAF,#333333
1,35,219,#F4FAAF,#E3D88F
2,35,219,#F4FAAF,#E3D88F
3,35,219,#F4FAAF,#E3D88F
4,35,219,#F4FAAF,#E3D88F
5,35,219,#F4FAAF,#E3D88F
6,35,219,#F4FAAF,#E3D88F
7,35,219,#F4FAAF,#E3D88F
8,35,219,#F4FAAF,#E3D88F
9,35,219,#F4FAAF,#E3D88F
10,35,219,#F4FAAF,#E3D88F
11,35,219,#F4FAAF,#E3D88F
12,35,219,#F4FAAF,#E3D88F
13,35,219,#F4FAAF,#E3D88F
14,35,219,#F4FAAF,#E3D88F
15,35,219,#F4FAAF,#E3D88F
16,35,219,#F4FAAF,#E3D88F
17,35,219,#F4FAAF,#E3D88F
18,35,219,#F4FAAF,#E3D88F
19,35,219,#F4FAAF,#E3D88F
20,35,219,#F4FAAF,#E3D88F
21,35,219,#F4FAAF,#E3D88F
22,35,219,#F4FAAF,#E3D88F
23,35,219,#F4FAAF,#E3D88F
24,35,219,#F4FAAF,#E3D88F
25,35,219,#F4FAAF,#E3D88F
26,35,219,#F4FAAF,#E3D88F
27,35,219,#F4FAAF,#E3D88F
28,35,219,#F4FAAF,#E3D88F
29,35,219,#F4FAAF,#E3D88F
30,35,219,#F4FAAF,#E3D88F
31,35,219,#F4FAAF,#E3D88F
32,35,219,#F4FAAF,#E3D88F
33,35,219,#F4FAAF,#E3D88F
34,35,176,#F4FAAF,#CCB690
35,35,176,#F4FAAF,#CCB690
36,35,176,#F4FAAF,#CCB690
37,35,176,#F4FAAF,#CCB690
38,35,176,#F4FAAF,#CCB690
39,35,176,#F4FAAF,#CCB690
40,35,176,#F4FAAF,#CCB690
41,35,176,#F4FAAF,#CCB690
42,35,176,#F4FAAF,#CCB690
43,35,176,#F4FAAF,#CCB690
44,35,176,#F4FAAF,#CCB690
45,35,176,#F4FAAF,#CCB690
46,35,219,#F4FAAF,#E3D88F
47,35,219,#F4FAAF,#E3D88F
48,35,219,#F4FAAF,#E3D88F
49,35,219,#F4FAAF,#E3D88F
50,35,219,#F4FAAF,#E3D88F
51,35,219,#F4FAAF,#E3D88F
52,35,219,#F4FAAF,#E3D88F
53,35,219,#F4FAAF,#E3D88F
54,35,219,#F4FAAF,#E3D88F
55,35,219,#F4FAAF,#E3D88F
56,35,219,#F4FAAF,#E3D88F
57,35,219,#F4FAAF,#E3D88F
58,35,219,#F4FAAF,#E3D88F
59,35,219,#F4FAAF,#E3D88F
60,35,219,#F4FAAF,#E3D88F
61,35,219,#F4FAAF,#E3D88F
62,35,219,#F4FAAF,#E3D88F
63,35,219,#F4FAAF,#E3D88F
64,35,219,#F4FAAF,#E3D88F
65,35,219,#F4FAAF,#E3D88F
66,35,219,#F4FAAF,#E3D88F
67,35,219,#F4FAAF,#E3D88F
68,35,219,#F4FAAF,#E3D88F
69,35,219,#F4FAAF,#E3D88F
70,35,219,#F4FAAF,#E3D88F
71,35,219,#F4FAAF,#E3D88F
72,35,219,#F4FAAF,#E3D88F
73,35,219,#F4FAAF,#E3D88F
74,35,219,#F4FAAF,#E3D88F
75,35,219,#F4FAAF,#E3D88F
76,35,219,#F4FAAF,#E3D88F
77,35,219,#F4FAAF,#E3D88F
78,35,219,#F4FAAF,#333333
1,36,219,#F4FAAF,#E3D88F
2,36,219,#F4FAAF,#E3D88F
3,36,219,#F4FAAF,#E3D88F
4,36,219,#F4FAAF,#E3D88F
5,36,219,#F4FAAF,#E3D88F
6,36,219,#F4FAAF,#E3D88F
7,36,219,#F4FAAF,#E3D88F
8,36,219,#F4FAAF,#E3D88F
9,36,219,#F4FAAF,#E3D88F
10,36,219,#F4FAAF,#E3D88F
11,36,219,#F4FAAF,#E3D88F
12,36,219,#F4FAAF,#E3D88F
13,36,219,#F4FAAF,#E3D88F
14,36,219,#F4FAAF,#E3D88F
15,36,219,#F4FAAF,#E3D88F
16,36,219,#F4FAAF,#E3D88F
17,36,219,#F4FAAF,#E3D88F
18,36,219,#F4FAAF,#E3D88F
19,36,219,#F4FAAF,#E3D88F
20,36,219,#F4FAAF,#E3D88F
21,36,219,#F4FAAF,#E3D88F
22,36,219,#F4FAAF,#E3D88F
23,36,219,#F4FAAF,#E3D88F
24,36,219,#F4FAAF,#E3D88F
25,36,219,#F4FAAF,#E3D88F
26,36,219,#F4FAAF,#E3D88F
27,36,219,#F4FAAF,#E3D88F
28,36,219,#F4FAAF,#E3D88F
29,36,219,#F4FAAF,#E3D88F
30,36,219,#F4FAAF,#E3D88F
31,36,219,#F4FAAF,#E3D88F
32,36,219,#F4FAAF,#E3D88F
33,36,219,#F4FAAF,#E3D88F
34,36,176,#F4FAAF,#CCB690
35,36,176,#F4FAAF,#CCB690
36,36,176,#F4FAAF,#CCB690
37,36,176,#F4FAAF,#CCB690
38,36,176,#F4FAAF,#CCB690
39,36,176,#F4FAAF,#CCB690
40,36,176,#F4FAAF,#CCB690
41,36,176,#F4FAAF,#CCB690
42,36,176,#F4FAAF,#CCB690
43,36,176,#F4FAAF,#CCB690
44,36,176,#F4FAAF,#E3D88F
45,36,176,#F4FAAF,#CCB690
46,36,219,#F4FAAF,#E3D88F
47,36,219,#F4FAAF,#E3D88F
48,36,219,#F4FAAF,#E3D88F
49,36,219,#F4FAAF,#E3D88F
50,36,219,#F4FAAF,#E3D88F
51,36,219,#F4FAAF,#E3D88F
52,36,219,#F4FAAF,#E3D88F
53,36,219,#F4FAAF,#E3D88F
54,36,219,#F4FAAF,#E3D88F
55,36,219,#F4FAAF,#E3D88F
56,36,219,#F4FAAF,#E3D88F
57,36,219,#F4FAAF,#E3D88F
58,36,219,#F4FAAF,#E3D88F
59,36,219,#F4FAAF,#E3D88F
60,36,219,#F4FAAF,#E3D88F
61,36,219,#F4FAAF,#E3D88F
62,36,219,#F4FAAF,#E3D88F
63,36,219,#F4FAAF,#E3D88F
64,36,219,#F4FAAF,#E3D88F
65,36,219,#F4FAAF,#E3D88F
66,36,219,#F4FAAF,#E3D88F
67,36,219,#F4FAAF,#E3D88F
68,36,219,#F4FAAF,#E3D88F
69,36,219,#F4FAAF,#E3D88F
70,36,219,#F4FAAF,#E3D88F
71,36,219,#F4FAAF,#E3D88F
72,36,219,#F4FAAF,#E3D88F
73,36,219,#F4FAAF,#E3D88F
74,36,219,#F4FAAF,#E3D88F
75,36,219,#F4FAAF,#E3D88F
76,36,219,#F4FAAF,#E3D88F
77,36,219,#F4FAAF,#E3D88F
78,36,219,#F4FAAF,#333333
1,37,219,#F4FAAF,#E3D88F
2,37,219,#F4FAAF,#E3D88F
3,37,219,#F4FAAF,#E3D88F
4,37,219,#F4FAAF,#E3D88F
5,37,219,#F4FAAF,#E3D88F
6,37,219,#F4FAAF,#E3D88F
7,37,219,#F4FAAF,#E3D88F
8,37,219,#F4FAAF,#E3D88F
9,37,219,#F4FAAF,#E3D88F
10,37,219,#F4FAAF,#E3D88F
11,37,219,#F4FAAF,#E3D88F
12,37,219,#F4FAAF,#E3D88F
13,37,219,#F4FAAF,#E3D88F
14,37,219,#F4FAAF,#E3D88F
15,37,219,#F4FAAF,#E3D88F
16,37,219,#F4FAAF,#E3D88F
17,37,219,#F4FAAF,#E3D88F
18,37,219,#F4FAAF,#E3D88F
19,37,219,#F4FAAF,#E3D88F
20,37,219,#F4FAAF,#E3D88F
21,37,219,#F4FAAF,#E3D88F
22,37,219,#F4FAAF,#E3D88F
23,37,219,#F4FAAF,#E3D88F
24,37,219,#F4FAAF,#E3D88F
25,37,219,#F4FAAF,#E3D88F
26,37,219,#F4FAAF,#E3D88F
27,37,219,#F4FAAF,#E3D88F
28,37,219,#F4FAAF,#E3D88F
29,37,219,#F4FAAF,#E3D88F
30,37,219,#F4FAAF,#E3D88F
31,37,219,#F4FAAF,#E3D88F
32,37,219,#F4FAAF,#E3D88F
33,37,219,#F4FAAF,#E3D88F
34,37,176,#F4FAAF,#E3D88F
35,37,176,#F4FAAF,#CCB690
36,37,176,#F4FAAF,#CCB690
37,37,176,#F4FAAF,#CCB690
38,37,176,#F4FAAF,#E3D88F
39,37,176,#F4FAAF,#CCB690
40,37,176,#F4FAAF,#CCB690
41,37,176,#F4FAAF,#CCB690
42,37,176,#F4FAAF,#CCB690
43,37,176,#F4FAAF,#CCB690
44,37,176,#F4FAAF,#E3D88F
45,37,176,#F4FAAF,#CCB690
46,37,219,#F4FAAF,#E3D88F
47,37,219,#F4FAAF,#E3D88F
48,37,219,#F4FAAF,#E3D88F
49,37,219,#F4FAAF,#E3D88F
50,37,219,#F4FAAF,#E3D88F
51,37,219,#F4FAAF,#E3D88F
52,37,219,#F4FAAF,#E3D88F
53,37,219,#F4FAAF,#E3D88F
54,37,219,#F4FAAF,#E3D88F
55,37,219,#F4FAAF,#E3D88F
56,37,219,#F4FAAF,#E3D88F
57,37,219,#F4FAAF,#E3D88F
58,37,219,#F4FAAF,#E3D88F
59,37,219,#F4FAAF,#E3D88F
60,37,219,#F4FAAF,#E3D88F
61,37,219,#F4FAAF,#E3D88F
62,37,219,#F4FAAF,#E3D88F
63,37,219,#F4FAAF,#E3D88F
64,37,219,#F4FAAF,#E3D88F
65,37,219,#F4FAAF,#E3D88F
66,37,219,#F4FAAF,#E3D88F
67,37,219,#F4FAAF,#E3D88F
68,37,219,#F4FAAF,#E3D88F
69,37,219,#F4FAAF,#E3D88F
70,37,219,#F4FAAF,#E3D88F
71,37,219,#F4FAAF,#E3D88F
72,37,219,#F4FAAF,#E3D88F
73,37,219,#F4FAAF,#E3D88F
74,37,219,#F4FAAF,#E3D88F
75,37,219,#F4FAAF,#E3D88F
76,37,219,#F4FAAF,#E3D88F
77,37,219,#F4FAAF,#E3D88F
78,37,219,#F4FAAF,#333333
1,38,219,#F4FAAF,#E3D88F
2,38,219,#F4FAAF,#E3D88F
3,38,219,#F4FAAF,#E3D88F
4,38,219,#F4FAAF,#E3D88F
5,38,219,#F4FAAF,#E3D88F
6,38,219,#F4FAAF,#E3D88F
7,38,219,#F4FAAF,#E3D88F
8,38,219,#F4FAAF,#E3D88F
9,38,219,#F4FAAF,#E3D88F
10,38,219,#F4FAAF,#E3D88F
11,38,219,#F4FAAF,#E3D88F
12,38,219,#F4FAAF,#E3D88F
13,38,219,#F4FAAF,#E3D88F
14,38,219,#F4FAAF,#E3D88F
15,38,219,#F4FAAF,#E3D88F
16,38,219,#F4FAAF,#E3D88F
17,38,219,#F4FAAF,#E3D88F
18,38,219,#F4FAAF,#E3D88F
19,38,219,#F4FAAF,#E3D88F
20,38,219,#F4FAAF,#E3D88F
21,38,219,#F4FAAF,#E3D88F
22,38,219,#F4FAAF,#E3D88F
23,38,219,#F4FAAF,#E3D88F
24,38,219,#F4FAAF,#E3D88F
25,38,219,#F4FAAF,#E3D88F
26,38,219,#F4FAAF,#E3D88F
27,38,219,#F4FAAF,#E3D88F
28,38,219,#F4FAAF,#E3D88F
29,38,219,#F4FAAF,#E3D88F
30,38,219,#F4FAAF,#E3D88F
31,38,219,#F4FAAF,#E3D88F
32,38,219,#F4FAAF,#E3D88F
33,38,219,#F4FAAF,#E3D88F
34,38,176,#F4FAAF,#CCB690
35,38,176,#F4FAAF,#E3D88F
36,38,176,#F4FAAF,#CCB690
37,38,176,#F4FAAF,#CCB690
38,38,176,#F4FAAF,#CCB690
39,38,176,#F4FAAF,#E3D88F
40,38,176,#F4FAAF,#CCB690
41,38,176,#F4FAAF,#E3D88F
42,38,176,#F4FAAF,#E3D88F
43,38,176,#F4FAAF,#CCB690
44,38,176,#F4FAAF,#CCB690
45,38,176,#F4FAAF,#CCB690
46,38,219,#F4FAAF,#E3D88F
47,38,219,#F4FAAF,#E3D88F
48,38,219,#F4FAAF,#E3D88F
49,38,219,#F4FAAF,#E3D88F
50,38,219,#F4FAAF,#E3D88F
51,38,219,#F4FAAF,#E3D88F
52,38,219,#F4FAAF,#E3D88F
53,38,219,#F4FAAF,#E3D88F
54,38,219,#F4FAAF,#E3D88F
55,38,219,#F4FAAF,#E3D88F
56,38,219,#F4FAAF,#E3D88F
57,38,219,#F4FAAF,#E3D88F
58,38,219,#F4FAAF,#E3D88F
59,38,219,#F4FAAF,#E3D88F
60,38,219,#F4FAAF,#E3D88F
61,38,219,#F4FAAF,#E3D88F
62,38,219,#F4FAAF,#E3D88F
63,38,219,#F4FAAF,#E3D88F
64,38,219,#F4FAAF,#E3D88F
65,38,219,#F4FAAF,#E3D88F
66,38,219,#F4FAAF,#E3D88F
67,38,219,#F4FAAF,#E3D88F
68,38,219,#F4FAAF,#E3D88F
69,38,219,#F4FAAF,#E3D88F
70,38,219,#F4FAAF,#E3D88F
71,38,219,#F4FAAF,#E3D88F
72,38,219,#F4FAAF,#E3D88F
73,38,219,#F4FAAF,#E3D88F
74,38,219,#F4FAAF,#E3D88F
75,38,219,#F4FAAF,#E3D88F
76,38,219,#F4FAAF,#E3D88F
77,38,219,#F4FAAF,#E3D88F
78,38,219,#F4FAAF,#333333
1,39,219,#F4FAAF,#E3D88F
2,39,219,#F4FAAF,#E3D88F
3,39,219,#F4FAAF,#E3D88F
4,39,219,#F4FAAF,#E3D88F
5,39,219,#F4FAAF,#E3D88F
6,39,219,#F4FAAF,#E3D88F
7,39,219,#F4FAAF,#E3D88F
8,39,219,#F4FAAF,#E3D88F
9,39,219,#F4FAAF,#E3D88F
10,39,219,#F4FAAF,#E3D88F
11,39,219,#F4FAAF,#E3D88F
12,39,219,#F4FAAF,#E3D88F
13,39,219,#F4FAAF,#E3D88F
14,39,219,#F4FAAF,#E3D88F
15,39,219,#F4FAAF,#E3D88F
16,39,219,#F4FAAF,#E3D88F
17,39,219,#F4FAAF,#E3D88F
18,39,219,#F4FAAF,#E3D88F
19,39,219,#F4FAAF,#E3D88F
20,39,219,#F4FAAF,#E3D88F
21,39,219,#F4FAAF,#E3D88F
22,39,219,#F4FAAF,#E3D88F
23,39,219,#F4FAAF,#E3D88F
24,39,219,#F4FAAF,#E3D88F
25,39,219,#F4FAAF,#E3D88F
26,39,219,#F4FAAF,#E3D88F
27,39,219,#F4FAAF,#E3D88F
28,39,219,#F4FAAF,#E3D88F
29,39,219,#F4FAAF,#E3D88F
30,39,219,#F4FAAF,#E3D88F
31,39,219,#F4FAAF,#E3D88F
32,39,219,#F4FAAF,#E3D88F
33,39,219,#F4FAAF,#E3D88F
34,39,176,#F4FAAF,#CCB690
35,39,176,#F4FAAF,#E3D88F
36,39,176,#F4FAAF,#CCB690
37,39,176,#F4FAAF,#E3D88F
38,39,176,#F4FAAF,#CCB690
39,39,176,#F4FAAF,#CCB690
40,39,176,#F4FAAF,#CCB690
41,39,176,#F4FAAF,#E3D88F
42,39,176,#F4FAAF,#CCB690
43,39,176,#F4FAAF,#CCB690
44,39,176,#F4FAAF,#E3D88F
45,39,176,#F4FAAF,#E3D88F
46,39,219,#F4FAAF,#E3D88F
47,39,219,#F4FAAF,#E3D88F
48,39,219,#F4FAAF,#E3D88F
49,39,219,#F4FAAF,#E3D88F
50,39,219,#F4FAAF,#E3D88F
51,39,219,#F4FAAF,#E3D88F
52,39,219,#F4FAAF,#E3D88F
53,39,219,#F4FAAF,#E3D88F
54,39,219,#F4FAAF,#E3D88F
55,39,219,#F4FAAF,#E3D88F
56,39,219,#F4FAAF,#E3D88F
57,39,219,#F4FAAF,#E3D88F
58,39,219,#F4FAAF,#E3D88F
59,39,219,#F4FAAF,#E3D88F
60,39,219,#F4FAAF,#E3D88F
61,39,219,#F4FAAF,#E3D88F
62,39,219,#F4FAAF,#E3D88F
63,39,219,#F4FAAF,#E3D88F
64,39,219,#F4FAAF,#E3D88F
65,39,219,#F4FAAF,#E3D88F
66,39,219,#F4FAAF,#E3D88F
67,39,219,#F4FAAF,#E3D88F
68,39,219,#F4FAAF,#E3D88F
69,39,219,#F4FAAF,#E3D88F
70,39,219,#F4FAAF,#E3D88F
71,39,219,#F4FAAF,#E3D88F
72,39,219,#F4FAAF,#E3D88F
73,39,219,#F4FAAF,#E3D88F
74,39,219,#F4FAAF,#E3D88F
75,39,219,#F4FAAF,#E3D88F
76,39,219,#F4FAAF,#E3D88F
77,39,219,#F4FAAF,#E3D88F
78,39,219,#F4FAAF,#333333
1,40,219,#F4FAAF,#E3D88F
2,40,219,#F4FAAF,#E3D88F
3,40,219,#F4FAAF,#E3D88F
4,40,219,#F4FAAF,#E3D88F
5,40,219,#F4FAAF,#E3D88F
6,40,219,#F4FAAF,#E3D88F
7,40,219,#F4FAAF,#E3D88F
8,40,219,#F4FAAF,#E3D88F
9,40,219,#F4FAAF,#E3D88F
10,40,219,#F4FAAF,#E3D88F
11,40,219,#F4FAAF,#E3D88F
12,40,219,#F4FAAF,#E3D88F
13,40,219,#F4FAAF,#E3D88F
14,40,219,#F4FAAF,#E3D88F
15,40,219,#F4FAAF,#E3D88F
16,40,219,#F4FAAF,#E3D88F
17,40,219,#F4FAAF,#E3D88F
18,40,219,#F4FAAF,#E3D88F
19,40,219,#F4FAAF,#E3D88F
20,40,219,#F4FAAF,#E3D88F
21,40,219,#F4FAAF,#E3D88F
22,40,219,#F4FAAF,#E3D88F
23,40,219,#F4FAAF,#E3D88F
24,40,219,#F4FAAF,#E3D88F
25,40,219,#F4FAAF,#E3D88F
26,40,219,#F4FAAF,#E3D88F
27,40,219,#F4FAAF,#E3D88F
28,40,219,#F4FAAF,#E3D88F
29,40,219,#F4FAAF,#E3D88F
30,40,219,#F4FAAF,#E3D88F
31,40,219,#F4FAAF,#E3D88F
32,40,219,#F4FAAF,#E3D88F
33,40,219,#F4FAAF,#E3D88F
34,40,176,#F4FAAF,#CCB690
35,40,176,#F4FAAF,#E3D88F
36,40,176,#F4FAAF,#E3D88F
37,40,176,#F4FAAF,#E3D88F
38,40,176,#F4FAAF,#CCB690
39,40,176,#F4FAAF,#E3D88F
40,40,176,#F4FAAF,#E3D88F
41,40,176,#F4FAAF,#CCB690
42,40,176,#F4FAAF,#CCB690
43,40,176,#F4FAAF,#E3D88F
44,40,176,#F4FAAF,#E3D88F
45,40,176,#F4FAAF,#E3D88F
46,40,219,#F4FAAF,#E3D88F
47,40,219,#F4FAAF,#E3D88F
48,40,219,#F4FAAF,#E3D88F
49,40,219,#F4FAAF,#E3D88F
50,40,219,#F4FAAF,#E3D88F
51,40,219,#F4FAAF,#E3D88F
52,40,219,#F4FAAF,#E3D88F
53,40,219,#F4FAAF,#E3D88F
54,40,219,#F4FAAF,#E3D88F
55,40,219,#F4FAAF,#E3D88F
56,40,219,#F4FAAF,#E3D88F
57,40,219,#F4FAAF,#E3D88F
58,40,219,#F4FAAF,#E3D88F
59,40,219,#F4FAAF,#E3D88F
60,40,219,#F4FAAF,#E3D88F
61,40,219,#F4FAAF,#E3D88F
62,40,219,#F4FAAF,#E3D88F
63,40,219,#F4FAAF,#E3D88F
64,40,219,#F4FAAF,#E3D88F
65,40,219,#F4FAAF,#E3D88F
66,40,219,#F4FAAF,#E3D88F
67,40,219,#F4FAAF,#E3D88F
68,40,219,#F4FAAF,#E3D88F
69,40,219,#F4FAAF,#E3D88F
70,40,219,#F4FAAF,#E3D88F
71,40,219,#F4FAAF,#E3D88F
72,40,219,#F4FAAF,#E3D88F
73,40,219,#F4FAAF,#E3D88F
74,40,219,#F4FAAF,#E3D88F
75,40,219,#F4FAAF,#E3D88F
76,40,219,#F4FAAF,#E3D88F
77,40,219,#F4FAAF,#E3D88F
78,40,219,#F4FAAF,#333333
1,41,219,#F4FAAF,#E3D88F
2,41,219,#F4FAAF,#E3D88F
3,41,219,#F4FAAF,#E3D88F
4,41,219,#F4FAAF,#E3D88F
5,41,219,#F4FAAF,#E3D88F
6,41,219,#F4FAAF,#E3D88F
7,41,219,#F4FAAF,#E3D88F
8,41,219,#F4FAAF,#E3D88F
9,41,219,#F4FAAF,#E3D88F
10,41,219,#F4FAAF,#E3D88F
11,41,219,#F4FAAF,#E3D88F
12,41,219,#F4FAAF,#E3D88F
13,41,219,#F4FAAF,#E3D88F
14,41,219,#F4FAAF,#E3D88F
15,41,219,#F4FAAF,#E3D88F
16,41,219,#F4FAAF,#E3D88F
17,41,219,#F4FAAF,#E3D88F
18,41,219,#F4FAAF,#E3D88F
19,41,219,#F4FAAF,#E3D88F
20,41,219,#F4FAAF,#E3D88F
21,41,219,#F4FAAF,#E3D88F
22,41,219,#F4FAAF,#E3D88F
23,41,219,#F4FAAF,#E3D88F
24,41,219,#F4FAAF,#E3D88F
25,41,219,#F4FAAF,#E3D88F
26,41,219,#F4FAAF,#E3D88F
27,41,219,#F4FAAF,#E3D88F
28,41,219,#F4FAAF,#E3D88F
29,41,219,#F4FAAF,#E3D88F
30,41,219,#F4FAAF,#E3D88F
31,41,219,#F4FAAF,#E3D88F
32,41,219,#F4FAAF,#E3D88F
33,41,219,#F4FAAF,#E3D88F
34,41,176,#F4FAAF,#E3D88F
35,41,176,#F4FAAF,#E3D88F
36,41,176,#F4FAAF,#E3D88F
37,41,176,#F4FAAF,#E3D88F
38,41,176,#F4FAAF,#E3D88F
39,41,176,#F4FAAF,#E3D88F
40,41,176,#F4FAAF,#E3D88F
41,41,176,#F4FAAF,#E3D88F
42,41,176,#F4FAAF,#E3D88F
43,41,176,#F4FAAF,#E3D88F
44,41,176,#F4FAAF,#E3D88F
45,41,176,#F4FAAF,#E3D88F
46,41,219,#F4FAAF,#E3D88F
47,41,219,#F4FAAF,#E3D88F
48,41,219,#F4FAAF,#E3D88F
49,41,219,#F4FAAF,#E3D88F
50,41,219,#F4FAAF,#E3D88F
51,41,219,#F4FAAF,#E3D88F
52,41,219,#F4FAAF,#E3D88F
53,41,219,#F4FAAF,#E3D88F
54,41,219,#F4FAAF,#E3D88F
55,41,219,#F4FAAF,#E3D88F
56,41,219,#F4FAAF,#E3D88F
57,41,219,#F4FAAF,#E3D88F
58,41,219,#F4FAAF,#E3D88F
59,41,219,#F4FAAF,#E3D88F
60,41,219,#F4FAAF,#E3D88F
61,41,219,#F4FAAF,#E3D88F
62,41,219,#F4FAAF,#E3D88F
63,41,219,#F4FAAF,#E3D88F
64,41,219,#F4FAAF,#E3D88F
65,41,219,#F4FAAF,#E3D88F
66,41,219,#F4FAAF,#E3D88F
67,41,219,#F4FAAF,#E3D88F
68,41,219,#F4FAAF,#E3D88F
69,41,219,#F4FAAF,#E3D88F
70,41,219,#F4FAAF,#E3D88F
71,41,219,#F4FAAF,#E3D88F
72,41,219,#F4FAAF,#E3D88F
73,41,219,#F4FAAF,#E3D88F
74,41,219,#F4FAAF,#E3D88F
75,41,219,#F4FAAF,#E3D88F
76,41,219,#F4FAAF,#E3D88F
77,41,219,#F4FAAF,#E3D88F
78,41,219,#F4FAAF,#333333
1,42,219,#F4FAAF,#E3D88F
2,42,219,#F4FAAF,#E3D88F
3,42,219,#F4FAAF,#E3D88F
4,42,219,#F4FAAF,#E3D88F
5,42,219,#F4FAAF,#E3D88F
6,42,219,#F4FAAF,#E3D88F
7,42,219,#F4FAAF,#E3D88F
8,42,219,#F4FAAF,#E3D88F
9,42,219,#F4FAAF,#E3D88F
10,42,219,#F4FAAF,#E3D88F
11,42,219,#F4FAAF,#E3D88F
12,42,219,#F4FAAF,#E3D88F
13,42,219,#F4FAAF,#E3D88F
14,42,219,#F4FAAF,#E3D88F
15,42,219,#F4FAAF,#E3D88F
16,42,219,#F4FAAF,#E3D88F
17,42,219,#F4FAAF,#E3D88F
18,42,219,#F4FAAF,#E3D88F
19,42,219,#F4FAAF,#E3D88F
20,42,219,#F4FAAF,#E3D88F
21,42,219,#F4FAAF,#E3D88F
22,42,219,#F4FAAF,#E3D88F
23,42,219,#F4FAAF,#E3D88F
24,42,219,#F4FAAF,#E3D88F
25,42,219,#F4FAAF,#E3D88F
26,42,219,#F4FAAF,#E3D88F
27,42,219,#F4FAAF,#E3D88F
28,42,219,#F4FAAF,#E3D88F
29,42,219,#F4FAAF,#E3D88F
30,42,219,#F4FAAF,#E3D88F
31,42,219,#F4FAAF,#E3D88F
32,42,219,#F4FAAF,#E3D88F
33,42,219,#F4FAAF,#E3D88F
34,42,176,#F4FAAF,#E3D88F
35,42,176,#F4FAAF,#E3D88F
36,42,176,#F4FAAF,#E3D88F
37,42,176,#F4FAAF,#E3D88F
38,42,176,#F4FAAF,#E3D88F
39,42,176,#F4FAAF,#E3D88F
40,42,176,#F4FAAF,#E3D88F
41,42,176,#F4FAAF,#E3D88F
42,42,176,#F4FAAF,#E3D88F
43,42,176,#F4FAAF,#E3D88F
44,42,176,#F4FAAF,#E3D88F
45,42,176,#F4FAAF,#E3D88F
46,42,219,#F4FAAF,#E3D88F
47,42,219,#F4FAAF,#E3D88F
48,42,219,#F4FAAF,#E3D88F
49,42,219,#F4FAAF,#E3D88F
50,42,219,#F4FAAF,#E3D88F
51,42,219,#F4FAAF,#E3D88F
52,42,219,#F4FAAF,#E3D88F
53,42,219,#F4FAAF,#E3D88F
54,42,219,#F4FAAF,#E3D88F
55,42,219,#F4FAAF,#E3D88F
56,42,219,#F4FAAF,#E3D88F
57,42,219,#F4FAAF,#E3D88F
58,42,219,#F4FAAF,#E3D88F
59,42,219,#F4FAAF,#E3D88F
60,42,219,#F4FAAF,#E3D88F
61,42,219,#F4FAAF,#E3D88F
62,42,219,#F4FAAF,#E3D88F
63,42,219,#F4FAAF,#E3D88F
64,42,219,#F4FAAF,#E3D88F
65,42,219,#F4FAAF,#E3D88F
66,42,219,#F4FAAF,#E3D88F
67,42,219,#F4FAAF,#E3D88F
68,42,219,#F4FAAF,#E3D88F
69,42,219,#F4FAAF,#E3D88F
70,42,219,#F4FAAF,#E3D88F
71,42,219,#F4FAAF,#E3D88F
72,42,219,#F4FAAF,#E3D88F
73,42,219,#F4FAAF,#E3D88F
74,42,219,#F4FAAF,#E3D88F
75,42,219,#F4FAAF,#E3D88F
76,42,219,#F4FAAF,#E3D88F
77,42,219,#F4FAAF,#E3D88F
78,42,219,#F4FAAF,#333333
1,43,219,#F4FAAF,#E3D88F
2,43,219,#F4FAAF,#E3D88F
3,43,219,#F4FAAF,#E3D88F
4,43,219,#F4FAAF,#E3D88F
5,43,219,#F4FAAF,#E3D88F
6,43,219,#F4FAAF,#E3D88F
7,43,219,#F4FAAF,#E3D88F
8,43,219,#F4FAAF,#E3D88F
9,43,219,#F4FAAF,#E3D88F
10,43,219,#F4FAAF,#E3D88F
11,43,219,#F4FAAF,#E3D88F
12,43,219,#F4FAAF,#E3D88F
13,43,219,#F4FAAF,#E3D88F
14,43,219,#F4FAAF,#E3D88F
15,43,219,#F4FAAF,#E3D88F
16,43,219,#F4FAAF,#E3D88F
17,43,219,#F4FAAF,#E3D88F
18,43,219,#F4FAAF,#E3D88F
19,43,219,#F4FAAF,#E3D88F
20,43,219,#F4FAAF,#E3D88F
21,43,219,#F4FAAF,#E3D88F
22,43,219,#F4FAAF,#E3D88F
23,43,219,#F4FAAF,#E3D88F
24,43,219,#F4FAAF,#E3D88F
25,43,219,#F4FAAF,#E3D88F
26,43,219,#F4FAAF,#E3D88F
27,43,219,#F4FAAF,#E3D88F
28,43,219,#F4FAAF,#E3D88F
29,43,219,#F4FAAF,#E3D88F
30,43,219,#F4FAAF,#E3D88F
31,43,219,#F4FAAF,#E3D88F
32,43,219,#F4FAAF,#E3D88F
33,43,219,#F4FAAF,#E3D88F
34,43,176,#F4FAAF,#E3D88F
35,43,176,#F4FAAF,#E3D88F
36,43,176,#F4FAAF,#E3D88F
37,43,176,#F4FAAF,#E3D88F
38,43,176,#F4FAAF,#E3D88F
39,43,176,#F4FAAF,#E3D88F
40,43,176,#F4FAAF,#E3D88F
41,43,176,#F4FAAF,#E3D88F
42,43,176,#F4FAAF,#E3D88F
43,43,176,#F4FAAF,#E3D88F
44,43,176,#F4FAAF,#E3D88F
45,43,176,#F4FAAF,#E3D88F
46,43,219,#F4FAAF,#E3D88F
47,43,219,#F4FAAF,#E3D88F
48,43,219,#F4FAAF,#E3D88F
49,43,219,#F4FAAF,#E3D88F
50,43,219,#F4FAAF,#E3D88F
51,43,219,#F4FAAF,#E3D88F
52,43,219,#F4FAAF,#E3D88F
53,43,219,#F4FAAF,#E3D88F
54,43,219,#F4FAAF,#E3D88F
55,43,219,#F4FAAF,#E3D88F
56,43,219,#F4FAAF,#E3D88F
57,43,219,#F4FAAF,#E3D88F
58,43,219,#F4FAAF,#E3D88F
59,43,219,#F4FAAF,#E3D88F
60,43,219,#F4FAAF,#E3D88F
61,43,219,#F4FAAF,#E3D88F
62,43,219,#F4FAAF,#E3D88F
63,43,219,#F4FAAF,#E3D88F
64,43,219,#F4FAAF,#E3D88F
65,43,219,#F4FAAF,#E3D88F
66,43,219,#F4FAAF,#E3D88F
67,43,219,#F4FAAF,#E3D88F
68,43,219,#F4FAAF,#E3D88F
69,43,219,#F4FAAF,#E3D88F
70,43,219,#F4FAAF,#E3D88F
71,43,219,#F4FAAF,#E3D88F
72,43,219,#F4FAAF,#E3D88F
73,43,219,#F4FAAF,#E3D88F
74,43,219,#F4FAAF,#E3D88F
75,43,219,#F4FAAF,#E3D88F
76,43,219,#F4FAAF,#E3D88F
77,43,219,#F4FAAF,#E3D88F
78,43,219,#F4FAAF,#333333
1,44,219,#F4FAAF,#E3D88F
2,44,219,#F4FAAF,#E3D88F
3,44,219,#F4FAAF,#E3D88F
4,44,219,#F4FAAF,#E3D88F
5,44,219,#F4FAAF,#E3D88F
6,44,219,#F4FAAF,#E3D88F
7,44,219,#F4FAAF,#E3D88F
8,44,219,#F4FAAF,#E3D88F
9,44,219,#F4FAAF,#E3D88F
10,44,219,#F4FAAF,#E3D88F
11,44,219,#F4FAAF,#E3D88F
12,44,219,#F4FAAF,#E3D88F
13,44,219,#F4FAAF,#E3D88F
14,44,219,#F4FAAF,#E3D88F
15,44,219,#F4FAAF,#E3D88F
16,44,219,#F4FAAF,#E3D88F
17,44,219,#F4FAAF,#E3D88F
18,44,219,#F4FAAF,#E3D88F
19,44,219,#F4FAAF,#E3D88F
20,44,219,#F4FAAF,#E3D88F
21,44,219,#F4FAAF,#E3D88F
22,44,219,#F4FAAF,#E3D88F
23,44,219,#F4FAAF,#E3D88F
24,44,219,#F4FAAF,#E3D88F
25,44,219,#F4FAAF,#E3D88F
26,44,219,#F4FAAF,#E3D88F
27,44,219,#F4FAAF,#E3D88F
28,44,219,#F4FAAF,#E3D88F
29,44,219,#F4FAAF,#E3D88F
30,44,219,#F4FAAF,#E3D88F
31,44,219,#F4FAAF,#E3D88F
32,44,219,#F4FAAF,#E3D88F
33,44,219,#F4FAAF,#E3D88F
34,44,176,#F4FAAF,#E3D88F
35,44,176,#F4FAAF,#E3D88F
36,44,176,#F4FAAF,#E3D88F
37,44,176,#F4FAAF,#E3D88F
38,44,176,#F4FAAF,#E3D88F
39,44,176,#F4FAAF,#E3D88F
40,44,176,#F4FAAF,#E3D88F
41,44,176,#F4FAAF,#E3D88F
42,44,176,#F4FAAF,#E3D88F
43,44,176,#F4FAAF,#E3D88F
44,44,176,#F4FAAF,#E3D88F
45,44,176,#F4FAAF,#E3D88F
46,44,219,#F4FAAF,#E3D88F
47,44,219,#F4FAAF,#E3D88F
48,44,219,#F4FAAF,#E3D88F
49,44,219,#F4FAAF,#E3D88F
50,44,219,#F4FAAF,#E3D88F
51,44,219,#F4FAAF,#E3D88F
52,44,219,#F4FAAF,#E3D88F
53,44,219,#F4FAAF,#E3D88F
54,44,219,#F4FAAF,#E3D88F
55,44,219,#F4FAAF,#E3D88F
56,44,219,#F4FAAF,#E3D88F
57,44,219,#F4FAAF,#E3D88F
58,44,219,#F4FAAF,#E3D88F
59,44,219,#F4FAAF,#E3D88F
60,44,219,#F4FAAF,#E3D88F
61,44,219,#F4FAAF,#E3D88F
62,44,219,#F4FAAF,#E3D88F
63,44,219,#F4FAAF,#E3D88F
64,44,219,#F4FAAF,#E3D88F
65,44,219,#F4FAAF,#E3D88F
66,44,219,#F4FAAF,#E3D88F
67,44,219,#F4FAAF,#E3D88F
68,44,219,#F4FAAF,#E3D88F
69,44,219,#F4FAAF,#E3D88F
70,44,219,#F4FAAF,#E3D88F
71,44,219,#F4FAAF,#E3D88F
72,44,219,#F4FAAF,#E3D88F
73,44,219,#F4FAAF,#E3D88F
74,44,219,#F4FAAF,#E3D88F
75,44,219,#F4FAAF,#E3D88F
76,44,219,#F4FAAF,#E3D88F
77,44,219,#F4FAAF,#E3D88F
78,44,219,#F4FAAF,#333333
1,45,219,#F4FAAF,#000000
2,45,219,#F4FAAF,#000000
3,45,219,#F4FAAF,#000000
4,45,219,#F4FAAF,#000000
5,45,219,#F4FAAF,#000000
6,45,219,#F4FAAF,#000000
7,45,219,#F4FAAF,#000000
8,45,219,#F4FAAF,#000000
9,45,219,#F4FAAF,#000000
10,45,219,#F4FAAF,#000000
11,45,219,#F4FAAF,#000000
12,45,219,#F4FAAF,#000000
13,45,219,#F4FAAF,#000000
14,45,219,#F4FAAF,#000000
15,45,219,#F4FAAF,#000000
16,45,219,#F4FAAF,#000000
17,45,219,#F4FAAF,#E3D88F
18,45,219,#F4FAAF,#E3D88F
19,45,219,#F4FAAF,#E3D88F
20,45,219,#F4FAAF,#E3D88F
21,45,219,#F4FAAF,#E3D88F
22,45,219,#F4FAAF,#E3D88F
23,45,219,#F4FAAF,#E3D88F
24,45,219,#F4FAAF,#E3D88F
25,45,219,#F4FAAF,#E3D88F
26,45,219,#F4FAAF,#E3D88F
27,45,219,#F4FAAF,#E3D88F
28,45,219,#F4FAAF,#E3D88F
29,45,219,#F4FAAF,#E3D88F
30,45,219,#F4FAAF,#E3D88F
31,45,219,#F4FAAF,#E3D88F
32,45,219,#F4FAAF,#E3D88F
33,45,219,#F4FAAF,#E3D88F
34,45,176,#F4FAAF,#E3D88F
35,45,176,#F4FAAF,#E3D88F
36,45,176,#F4FAAF,#E3D88F
37,45,176,#F4FAAF,#E3D88F
38,45,176,#F4FAAF,#E3D88F
39,45,176,#F4FAAF,#E3D88F
40,45,176,#F4FAAF,#E3D88F
41,45,176,#F4FAAF,#E3D88F
42,45,176,#F4FAAF,#E3D88F
43,45,176,#F4FAAF,#E3D88F
44,45,176,#F4FAAF,#E3D88F
45,45,176,#F4FAAF,#E3D88F
46,45,219,#F4FAAF,#E3D88F
47,45,219,#F4FAAF,#E3D88F
48,45,219,#F4FAAF,#E3D88F
49,45,219,#F4FAAF,#E3D88F
50,45,219,#F4FAAF,#E3D88F
51,45,219,#F4FAAF,#E3D88F
52,45,219,#F4FAAF,#E3D88F
53,45,219,#F4FAAF,#E3D88F
54,45,219,#F4FAAF,#E3D88F
55,45,219,#F4FAAF,#E3D88F
56,45,219,#F4FAAF,#E3D88F
57,45,219,#F4FAAF,#E3D88F
58,45,219,#F4FAAF,#E3D88F
59,45,219,#F4FAAF,#E3D88F
60,45,219,#F4FAAF,#E3D88F
61,45,219,#F4FAAF,#E3D88F
62,45,219,#F4FAAF,#E3D88F
63,45,219,#F4FAAF,#000000
64,45,219,#F4FAAF,#000000
65,45,219,#F4FAAF,#000000
66,45,219,#F4FAAF,#000000
67,45,219,#F4FAAF,#000000
68,45,219,#F4FAAF,#000000
69,45,219,#F4FAAF,#000000
70,45,219,#F4FAAF,#000000
71,45,219,#F4FAAF,#000000
72,45,219,#F4FAAF,#000000
73,45,219,#F4FAAF,#000000
74,45,219,#F4FAAF,#000000
75,45,219,#F4FAAF,#000000
76,45,219,#F4FAAF,#000000
77,45,219,#F4FAAF,#000000
78,45,219,#F4FAAF,#000000
